area_name,year,province,flood_pct,latitude,longitude,rs_fsm_lgbm_pakistan,rs_fsm_xgboost_pakistan,rs_rfreq_10_201022,rs_rfreq_50_201022,rs_rmax,rs_waterosm,rain_monsoon_mm,rain_peak_month_mm,temp_monsoon_c,humidity_monsoon_pct,flood,data_source
Bagh,2022,Azad Kashmir,0.12652659119581175,33.991375639097264,73.74125084767641,1.000861919428958,1.0006632914896467,51407.336210517205,20006.007214740603,35232.03551934915,654.8726111844607,619.13,311.55,20.813333333333333,83.58666666666666,0,real: flood extent + rasters + NASA POWER
Bhimber,2022,Azad Kashmir,0.03467144875641587,33.01293817773945,74.13197583479408,1.0031980624838408,1.0168165243704288,42302.87475669945,29919.678210883452,54165.27515948101,762.6207248800924,894.5,491.34999999999997,27.083333333333332,77.51,0,real: flood extent + rasters + NASA POWER
Jhelum Valley,2022,Azad Kashmir,0.0,34.19834482707207,73.82148812104053,1.008064193925658,1.005344117203772,42238.68253874257,11824.407209341198,34487.880273824834,535.783664218624,619.13,311.55,20.813333333333333,83.58666666666666,0,real: flood extent + rasters + NASA POWER
Haveli,2022,Azad Kashmir,0.0,33.94107160074096,74.11257850138514,1.002877570495371,1.0040444997072986,53084.318117204755,16508.216260198387,35043.853151994954,1155.8288571756011,420.49,234.04999999999998,18.716666666666665,78.61,0,real: flood extent + rasters + NASA POWER
Kotli,2022,Azad Kashmir,0.087359798783605,33.448672203937875,73.91039869121816,1.001172485414446,1.0032474005324468,49355.530209734556,29723.3149196978,51678.36919358984,508.2454769388913,867.8100000000001,482.05,26.24,75.57333333333334,0,real: flood extent + rasters + NASA POWER
Mirpur,2022,Azad Kashmir,0.5781208424934707,33.235983684408914,73.73689138596919,1.194439550620075,1.3844577462505867,43065.40332989904,28363.31293383753,58446.9627419448,4101.490452579312,998.87,577.22,28.843333333333334,76.97,0,real: flood extent + rasters + NASA POWER
Muzaffarabad,2022,Azad Kashmir,0.02883411431212602,34.35001726234916,73.58669777252743,1.0093247572462836,1.0076643048898752,45745.366393973,17835.321731688895,33835.96162467299,1255.9347722783536,642.0600000000001,275.59000000000003,17.95,80.06666666666666,0,real: flood extent + rasters + NASA POWER
Neelum,2022,Azad Kashmir,0.0,34.816919779001026,74.1885700976562,1.0133171045620124,1.0149912923922118,35528.542814054665,12145.566689153418,25959.168982469626,495.29051461317385,266.73,129.27,10.176666666666668,73.31666666666666,0,real: flood extent + rasters + NASA POWER
Poonch,2022,Azad Kashmir,0.07332633163566551,33.81860595364957,73.8307063617386,1.0006574689764884,1.0012504049851199,51775.34521028089,21742.073278409167,39319.43322134875,780.7117836488754,619.13,311.55,20.813333333333333,83.58666666666666,0,real: flood extent + rasters + NASA POWER
Sudhnoti,2022,Azad Kashmir,0.07638181763611913,33.703047393154165,73.74255956832253,1.0004206494606278,1.0007538481123355,53802.60582378109,28167.316751257797,44089.462708871826,297.21377516286327,867.8100000000001,482.05,26.24,75.57333333333334,0,real: flood extent + rasters + NASA POWER
Awaran,2022,Balochistan,1.0264773203247328,26.191952887011126,65.38130464285506,1.4493337914925044,1.5894928178556902,4107.439027761259,182.7407609047325,6082.81856144968,851.7334319476728,478.26,295.43,28.05333333333333,78.01666666666667,1,real: flood extent + rasters + NASA POWER
Barkhan,2022,Balochistan,0.0832450071992444,29.955021174777123,69.61371091203921,1.0135901452849319,1.0137531854010873,14815.896106251277,1491.487808896941,14031.944636510156,91.04181940435626,592.03,300.39,24.400000000000002,76.19333333333333,0,real: flood extent + rasters + NASA POWER
Chagai,2022,Balochistan,0.9034685484349818,28.976702370638424,63.28083224238819,2.449584223338467,2.783668911965598,1372.7917001592652,27.066709917725348,513.859705818391,1588.3406033189963,85.56,72.23,30.7,25.49,0,real: flood extent + rasters + NASA POWER
Dera Bugti,2022,Balochistan,0.49767742304861046,28.951805351433112,69.05246031270632,1.206051406192045,1.3209398858190071,7443.684495356372,186.15591708093763,7638.052801584019,218.24779051201858,1353.68,760.4300000000001,29.006666666666664,75.33666666666666,0,real: flood extent + rasters + NASA POWER
Gwadar,2022,Balochistan,3.693400935310085,25.40069092229933,63.12154757238087,4.021041370313116,4.202605485212579,2287.626913674117,447.79229882316434,3706.853776595504,925.0566094045912,163.06,153.14000000000001,29.906666666666666,71.26666666666667,1,real: flood extent + rasters + NASA POWER
Harnai,2022,Balochistan,0.0,30.132513355358192,67.8633915843766,1.0340533760114545,1.0162000234961837,12563.619604060652,826.6875737148679,9277.884243384315,328.54343102029645,598.98,332.63,25.49,72.67333333333333,0,real: flood extent + rasters + NASA POWER
Jaffarabad,2022,Balochistan,98.72592155148119,28.205231576744765,68.00589466694801,4.9578434666461595,4.9739182357684895,2861.3778995673397,0.0,4468.496179008997,279.6309041538447,1589.65,900.24,30.540000000000003,78.38333333333334,1,real: flood extent + rasters + NASA POWER
Jhal Magsi,2022,Balochistan,39.38281044776506,28.403329314431073,67.52758676536988,4.190207158689016,4.187690437724201,3494.539267094167,0.0,4749.23735175739,178.31405586582497,1462.24,825.22,29.7,73.00999999999999,1,real: flood extent + rasters + NASA POWER
Kachhi,2022,Balochistan,18.040288284640678,29.34486047684596,67.52716423837614,2.452818673013999,2.4839194522487165,5169.376019271973,16.45881810318504,6078.303441588059,346.4724094182762,663.9300000000001,403.31,27.900000000000002,69.93666666666667,1,real: flood extent + rasters + NASA POWER
Kalat,2022,Balochistan,0.20372499209969258,29.098399087688644,66.72862663775425,1.0559366133995272,1.0309475715490277,4398.872010909146,486.7615780411188,5097.1793190570415,46.23563438138416,622.14,378.82,21.680000000000003,68.31666666666666,0,real: flood extent + rasters + NASA POWER
Kech,2022,Balochistan,0.921781830252847,25.99792836430778,63.049613806723684,1.9698741996859155,2.328752001584563,2934.261891519183,219.39015941549698,3628.4650340256358,405.18081512245703,186.31,165.85,29.823333333333334,64.42333333333333,0,real: flood extent + rasters + NASA POWER
Kharan,2022,Balochistan,0.03592023021495356,28.69413057069562,65.60132293769918,2.0312125268536003,2.2134138614179037,2364.284766151525,87.48051466040882,2709.846461867993,294.0209666831725,373.24,203.67000000000002,27.313333333333333,52.24333333333333,0,real: flood extent + rasters + NASA POWER
Khuzdar,2022,Balochistan,0.3351643008357087,27.453469718852638,66.64668161569884,1.0493425140030785,1.0483679803509527,5921.168455881765,436.3082361131074,6676.889454586748,191.11349041490521,1023.2900000000001,597.0600000000001,24.80666666666667,75.37666666666667,0,real: flood extent + rasters + NASA POWER
Killa Abdullah,2022,Balochistan,0.12840235657883275,30.78064242133432,66.74678309985701,1.106639139532061,1.0888724959625677,8878.578355097712,1223.905787143532,6761.410524897469,129.8052187972914,384.66999999999996,227.85,22.77,51.89000000000001,0,real: flood extent + rasters + NASA POWER
Killa Saifullah,2022,Balochistan,0.5073131975448748,30.96696578738557,68.32053853286857,1.1047602485195034,1.1439538806355432,7018.838365679508,261.8779573820144,10642.423961913904,164.5987104143101,393.42,215.14000000000001,20.87,62.25,0,real: flood extent + rasters + NASA POWER
Kohlu,2022,Balochistan,0.1498142534659762,29.588636488737027,68.84299859934525,1.0502772905610873,1.0748642587476789,10600.371174792399,648.0248221150312,11305.891768633512,199.90733749071308,852.6600000000001,487.32,26.77,75.06666666666666,0,real: flood extent + rasters + NASA POWER
Lasbela,2022,Balochistan,4.8102946575882735,25.7967229800511,66.64526184631511,2.2935878760334942,2.343636792565265,6009.791359056728,297.3402075361381,7890.017976741726,511.6433504877243,886.6399999999999,518.9399999999999,27.47,83.49333333333333,1,real: flood extent + rasters + NASA POWER
Lehri,2022,Balochistan,48.149225200550504,29.007731649200903,68.01216690745781,4.451086889354611,4.4111733587211415,2949.204200718693,0.0,5519.984814655385,138.7699854103891,1477.03,806.9300000000001,30.853333333333335,74.17,1,real: flood extent + rasters + NASA POWER
Loralai,2022,Balochistan,0.06575762842799458,30.4701050696752,68.77505347387337,1.024970624350219,1.031773823889939,8663.18667136959,298.07352426359927,12939.72826933443,50.16228261754755,473.45,266.59999999999997,23.429999999999996,68.98333333333333,0,real: flood extent + rasters + NASA POWER
Mastung,2022,Balochistan,1.227393751072908,29.72174951856186,66.74335494723883,1.1099851521685815,1.05794449769843,6173.517425223089,402.04986227362565,5729.6496591419145,0.0,474.57,302.87,21.83666666666667,64.84333333333333,1,real: flood extent + rasters + NASA POWER
Musakhel,2022,Balochistan,0.00816197497258175,30.865251139547485,69.91872279764065,1.0191598589409032,1.0098776513070136,13895.72262609359,808.4704761994878,13886.622132301141,82.60512013971636,375.22,187.54999999999998,25.12,70.61333333333333,0,real: flood extent + rasters + NASA POWER
Nasirabad,2022,Balochistan,60.70261501217992,28.592161085401305,68.10769118101013,4.592200364926669,4.601202807598343,2380.2941300777,0.0,4409.385523786405,123.55730444047195,1817.79,999.75,30.683333333333334,77.64,1,real: flood extent + rasters + NASA POWER
Nushki,2022,Balochistan,1.5045212409564248,29.453848883260804,65.7715479532314,3.13214838532394,2.8911774768195673,3657.114059855258,336.4914585127255,2713.2574857950685,1910.0294496786294,288.3,171.74,28.676666666666666,43.446666666666665,1,real: flood extent + rasters + NASA POWER
Panjgur,2022,Balochistan,1.6663517325825283,26.74165811309722,64.15804001241857,1.6725486215918484,1.9805644392357502,2498.1767672655137,4.751274422495323,3958.6702060196926,109.61228673211757,296.35,228.78,26.21666666666667,65.55,1,real: flood extent + rasters + NASA POWER
Pishin,2022,Balochistan,0.20589373432779806,30.735705073992072,67.14530378686344,1.2042749760400364,1.1403757950029279,9705.442376043371,1975.6189053367827,7319.7575612678775,117.64090061239709,396.15,240.56,22.896666666666665,55.78666666666667,0,real: flood extent + rasters + NASA POWER
Quetta,2022,Balochistan,0.04091031549612619,30.13329005766278,66.87756131847759,1.1158460960525005,1.0485065679611667,9372.646256042939,1096.0068982275127,6535.414865440327,118.43357023492293,414.43999999999994,260.71,22.326666666666668,61.45666666666667,0,real: flood extent + rasters + NASA POWER
Sherani,2022,Balochistan,0.9205850365220308,31.635605726562538,69.77473795138059,1.068077784436466,1.0551832526965006,11909.821992038876,860.4243430680019,12812.421577151385,196.95012066043228,369.26000000000005,199.95000000000002,25.330000000000002,68.90666666666667,0,real: flood extent + rasters + NASA POWER
Sibi,2022,Balochistan,3.220420637147629,29.761125163334906,67.94481207056015,1.5684059232913674,1.6496064375162747,8588.953679708415,158.40053090099394,7954.46588503205,300.7355428237126,598.98,332.63,25.49,72.67333333333333,1,real: flood extent + rasters + NASA POWER
Sohbatpur,2022,Balochistan,82.36091035981782,28.506656088784716,68.61536229609497,4.574289063933071,4.661098985623987,3372.1943504386886,13.185310821576337,4844.538078312628,106.28466862860297,1864.6100000000001,1032.3,30.429999999999996,77.66333333333334,1,real: flood extent + rasters + NASA POWER
Washuk,2022,Balochistan,0.14201411133058955,27.77998954061544,64.38912871076715,2.957128669839097,3.1177371765291944,1520.0023146120875,0.39692623343477185,2153.862080329068,533.0752316077275,222.27,166.47,30.623333333333335,42.39,0,real: flood extent + rasters + NASA POWER
Zhob,2022,Balochistan,0.5842363127561243,31.370693186830522,69.01852742985463,1.0566854591028683,1.0431950233536775,7743.05252812155,189.0445964932593,11790.902643584837,122.63078704814662,361.45,194.99,21.226666666666667,62.43000000000001,0,real: flood extent + rasters + NASA POWER
Ziarat,2022,Balochistan,0.0,30.392293987035497,67.87113356580669,1.0190338510963277,1.0046336553392476,10788.104203756233,884.9555085062723,9935.250324775998,83.20947380652635,452.03,249.86,20.986666666666665,68.66666666666667,0,real: flood extent + rasters + NASA POWER
Shaheed Sikandarabad,2022,Balochistan,0.21340361175703113,28.318607887215936,66.18056516205029,1.0867495665825244,1.1421650732339061,3311.17223342237,251.121598214,4602.759666292073,175.02349019187076,526.99,274.65999999999997,22.05666666666667,63.163333333333334,0,real: flood extent + rasters + NASA POWER
Duki,2022,Balochistan,3.2059881253375235,30.162524954716595,69.00845506947206,1.155158740035967,1.1916398573766513,9634.325269285577,482.93049414136635,13467.313333136282,47.63209896517178,604.0000000000001,345.34000000000003,25.33,72.69666666666666,1,real: flood extent + rasters + NASA POWER
Chaman,2022,Balochistan,0.014725541317781154,30.86180091160503,66.56102230547808,1.0035188114019755,1.0038390396984478,8463.43515846648,1212.5398042396612,6619.99109317415,3.5243065655960715,358.04,211.10999999999999,26.48,44.6,0,real: flood extent + rasters + NASA POWER
Astore,2022,Gilgit Baltistan,0.0,35.143481442612924,74.88276464411585,1.0189837558154988,1.0159098294298738,15712.384206183746,3388.6314602747693,20036.622990022253,525.0367947849176,191.59,106.02,8.893333333333333,73.18666666666667,0,real: flood extent + rasters + NASA POWER
Diamir,2022,Gilgit Baltistan,0.0,35.37759062783455,74.21620543824325,1.0308477861472145,1.0147356796534455,17326.99923237734,4559.154128070882,21150.813101243937,1083.897879147105,158.64000000000001,64.48,16.796666666666667,53.49,0,real: flood extent + rasters + NASA POWER
Ghanche,2022,Gilgit Baltistan,0.0,35.273439526001724,76.72144935756792,1.0325388592974287,1.1946496318572828,2992.4840226699507,297.01659214217057,13112.808282069343,437.32791668487164,76.14,42.160000000000004,0.0,72.33,0,real: flood extent + rasters + NASA POWER
Ghizer,2022,Gilgit Baltistan,0.02597157925734672,36.3930972676352,73.88504573214492,1.032492069114843,1.059697783410765,4886.509390767865,821.1824627678777,16112.571920800803,379.23902282200777,71.67,52.39,10.926666666666668,43.38666666666666,0,real: flood extent + rasters + NASA POWER
Gilgit,2022,Gilgit Baltistan,0.0,35.91083962590362,74.41974501833097,1.0587689532717495,1.0600588496822843,7191.674753120957,2277.468299278359,16671.977510635457,577.069714510981,114.03,55.800000000000004,13.063333333333333,53.910000000000004,0,real: flood extent + rasters + NASA POWER
Hunza,2022,Gilgit Baltistan,0.0,36.58010207980785,75.11556455497768,1.0152952614266895,1.1256587946395145,3580.886308365972,455.6943506417773,16032.296687457741,420.8122593237596,65.29,31.93,6.043333333333333,54.64000000000001,0,real: flood extent + rasters + NASA POWER
Skardu,2022,Gilgit Baltistan,0.0,35.2368953958186,75.51427756333142,1.0475624101126986,1.0727741256662906,8570.585454284585,2436.4098801161035,18005.12582058637,1293.3630706811678,139.23000000000002,79.98,9.096666666666666,67.57666666666667,0,real: flood extent + rasters + NASA POWER
Nagar,2022,Gilgit Baltistan,0.0,36.273671698854876,74.61986136073041,1.0253962903187954,1.102736690450454,3749.6680791341246,907.9776304256624,15235.18444308717,374.40622562795386,67.82000000000001,40.300000000000004,8.593333333333334,50.56,0,real: flood extent + rasters + NASA POWER
Kharmang,2022,Gilgit Baltistan,0.0,34.84509401951076,75.78558752417007,1.0101598291509555,1.0138888563952202,14348.687230420755,2687.42125655757,18672.657348555815,581.6028616319697,139.23000000000002,79.98,9.096666666666666,67.57666666666667,0,real: flood extent + rasters + NASA POWER
Shigar,2022,Gilgit Baltistan,0.0,35.77238086147538,75.77215367905112,1.0284139721242107,1.0863866009641276,3552.956049975199,751.0806532525392,15795.381240416173,460.03130042625537,89.00999999999999,43.089999999999996,2.283333333333333,66.67666666666666,0,real: flood extent + rasters + NASA POWER
Darel,2022,Gilgit Baltistan,0.013680816965382347,35.708262768379754,73.78302115057303,1.0195454068741272,1.004675434568077,19964.027166343745,5415.345903410862,20522.066346642918,1283.7511446080914,225.22,122.14,16.283333333333335,61.04666666666666,0,real: flood extent + rasters + NASA POWER
Tangir,2022,Gilgit Baltistan,7.68932903042607e-06,35.742748008413116,73.34862157068389,1.0306154965786607,1.0348469548142056,18386.796100878913,4862.027969287612,22258.569418846004,346.6606210086169,304.0,192.82,14.020000000000001,68.63666666666667,0,real: flood extent + rasters + NASA POWER
Gupis-Yasin,2022,Gilgit Baltistan,0.04847733372954049,36.22367498748198,73.16809777356882,1.0243106369378217,1.0498081758805984,5527.524336885074,1252.1105436296834,19142.965926879453,423.8026988706616,148.73000000000002,108.19000000000001,9.35,49.973333333333336,0,real: flood extent + rasters + NASA POWER
Rondu,2022,Gilgit Baltistan,0.0,35.570567711590435,75.14421559024287,1.0867481933985876,1.0868589404857811,6735.4907168627315,1384.844487674482,17880.802946758497,285.45817209084805,136.69,68.51,13.063333333333333,55.57333333333333,0,real: flood extent + rasters + NASA POWER
Islamabad,2022,Islamabad,0.8179165293607364,33.67168475617021,73.11826062310361,1.000055772256401,1.0127966343853174,48898.600391782886,26219.14221374545,46328.252255850064,1531.5793298378128,1013.1899999999999,573.1899999999999,27.623333333333335,78.57333333333334,0,real: flood extent + rasters + NASA POWER
Abbottabad,2022,Khyber Pakhtunkhwa,0.0263452267570122,34.10387582057843,73.27663305618196,1.0024169441697584,1.0011031007082691,55649.096844023596,33506.92797951234,39561.46820140674,875.4296630038647,895.7,426.87,24.636666666666667,81.68666666666667,0,real: flood extent + rasters + NASA POWER
Bajaur,2022,Khyber Pakhtunkhwa,0.07609741417741986,34.75413692064879,71.50495718397396,1.0031726742254647,1.001094011715936,33099.771444108104,9348.650071334057,36080.710609724854,554.6745768910744,424.14,303.48999999999995,20.39,70.64666666666666,0,real: flood extent + rasters + NASA POWER
Bannu,2022,Khyber Pakhtunkhwa,0.9534161200197679,32.98347228404928,70.62615864773174,1.0947157381316734,1.0768403757265723,17651.29143149819,3440.755262411836,19119.646228402537,1180.94503127139,412.14,226.29999999999998,28.55333333333333,66.59333333333333,0,real: flood extent + rasters + NASA POWER
Batagram,2022,Khyber Pakhtunkhwa,0.2565899132044607,34.7874266123209,73.13779170612351,1.0036684949198538,1.0037114084633683,45687.09957658637,19466.967305192946,36861.022123362134,651.5712013339981,512.37,285.82,16.656666666666666,81.48666666666666,0,real: flood extent + rasters + NASA POWER
Buner,2022,Khyber Pakhtunkhwa,0.0,34.46305043931335,72.5228237917978,1.0061118128990187,1.001127492031253,41683.83806072749,22105.53270157494,44415.04419679197,925.8234660269393,723.2600000000001,293.26000000000005,25.706666666666667,74.62,0,real: flood extent + rasters + NASA POWER
Charsadda,2022,Khyber Pakhtunkhwa,11.098414986183808,34.244277911234974,71.72017937161847,1.0478693886007295,1.0919478994788467,24547.221462361296,3643.287186734641,28725.165819453592,3001.209812256596,624.37,256.98999999999995,28.586666666666662,73.68666666666667,1,real: flood extent + rasters + NASA POWER
Chitral Lower,2022,Khyber Pakhtunkhwa,6.971020860343509,35.885465760920624,71.74486685483927,1.0276737563672733,1.0235241439150995,14848.052112408837,1619.9961838729607,29146.03550857365,731.140713392613,159.45,127.72,10.193333333333333,52.01666666666667,1,real: flood extent + rasters + NASA POWER
Chitral Upper,2022,Khyber Pakhtunkhwa,6.847942295587589,36.46198193283297,72.56398255578726,1.0180847432314948,1.0471935941505177,7751.7097441860515,1314.1951586477066,22402.473460549572,735.3454221715112,78.94,66.03,8.466666666666667,37.99666666666666,1,real: flood extent + rasters + NASA POWER
D. I. Khan,2022,Khyber Pakhtunkhwa,31.379554321268355,31.816377105422976,70.59780433426303,3.087746505958326,2.904486889201814,12608.968748706131,1951.6117932481204,13796.544480821452,908.0872284533916,438.61,273.73,31.406666666666666,65.15666666666667,1,real: flood extent + rasters + NASA POWER
Hangu,2022,Khyber Pakhtunkhwa,0.0,33.431592409943676,70.84799385922864,1.0020583998881116,1.0018209096737984,25082.311685699184,6473.79379492107,21281.86557236504,384.3478486928502,369.03,191.57999999999998,24.776666666666667,67.98333333333333,0,real: flood extent + rasters + NASA POWER
Haripur,2022,Khyber Pakhtunkhwa,6.61348246053512,34.00302130742728,72.9013724138452,1.0739402187482814,1.1564923157444276,44238.11165448062,17735.08597560937,50188.63814940699,3071.9763233398717,895.7,426.87,24.636666666666667,81.68666666666667,1,real: flood extent + rasters + NASA POWER
Karak,2022,Khyber Pakhtunkhwa,0.2328283594748564,33.1385149373142,71.10857430672968,1.0811006323329257,1.0216617672029926,24788.640281448694,8911.629647833286,21331.771263708168,213.74843887062286,474.29999999999995,226.29999999999998,29.45,70.09666666666666,0,real: flood extent + rasters + NASA POWER
Khyber,2022,Khyber Pakhtunkhwa,1.0062531808398925,33.95956103454677,71.06721317397235,1.019332622620113,1.0144390590734067,26815.00052299587,4849.986289200881,26828.233406782758,1038.6631110621902,439.34999999999997,240.86999999999998,26.636666666666667,67.89,1,real: flood extent + rasters + NASA POWER
Kohat,2022,Khyber Pakhtunkhwa,1.5908283967429886,33.48372792433367,71.54659343111086,1.024270677159989,1.0310692949428915,28227.340951707578,5227.301757262089,27018.20014433966,727.9257147148605,450.43,210.49,27.396666666666665,71.51666666666667,1,real: flood extent + rasters + NASA POWER
Kohistan Lower,2022,Khyber Pakhtunkhwa,0.28062397602797173,35.16856304998793,72.91584807206976,1.0559828611620643,1.0182939932656279,22631.273082387146,7572.619513837294,33545.96108556731,2023.387307079892,512.37,285.82,16.656666666666666,81.48666666666666,0,real: flood extent + rasters + NASA POWER
Kohistan Upper,2022,Khyber Pakhtunkhwa,0.5452312515792065,35.41038651205106,73.27065935176876,1.0902696493831583,1.0425838363303783,18698.656270963522,4360.8083176257705,26252.749746212023,920.1467893486063,304.0,192.82,14.020000000000001,68.63666666666667,0,real: flood extent + rasters + NASA POWER
Kolai Palas Kohistan,2022,Khyber Pakhtunkhwa,0.45874202882690823,35.024345248306666,73.24542395934382,1.0377092840821378,1.0156059022024861,38033.82546733507,16283.222178544638,31895.79979347526,1464.0879937617874,512.37,285.82,16.656666666666666,81.48666666666666,0,real: flood extent + rasters + NASA POWER
Kurram,2022,Khyber Pakhtunkhwa,0.006905221905424114,33.70753985946702,70.32447776768292,1.007271774975252,1.0019072755377516,29770.490531597974,8122.381866019862,20788.91305652874,466.29502117230663,369.03,191.57999999999998,24.776666666666667,67.98333333333333,0,real: flood extent + rasters + NASA POWER
Lakki Marwat,2022,Khyber Pakhtunkhwa,1.451765165951856,32.60062796449553,70.81059879826293,1.4119744988412486,1.2011465741327583,18408.061317074058,4882.671649281401,17120.018117750613,364.92187455953547,443.34999999999997,266.90999999999997,29.593333333333334,66.92333333333333,1,real: flood extent + rasters + NASA POWER
Lower Dir,2022,Khyber Pakhtunkhwa,2.2572404777929727,34.83942705979078,71.84883007253904,1.0023257336906222,1.0033510113407489,37650.46374226178,15455.438744342537,37741.55556985586,1011.091722258036,470.39,307.52,21.3,75.94333333333333,1,real: flood extent + rasters + NASA POWER
Malakand,2022,Khyber Pakhtunkhwa,1.649480847090605,34.53853522235305,71.89389293831103,1.004158276775497,1.0042177579777474,33839.02488747576,14038.704441285632,36793.3164913661,1347.8341988524182,571.8900000000001,314.34000000000003,27.226666666666663,73.55333333333334,1,real: flood extent + rasters + NASA POWER
Mansehra,2022,Khyber Pakhtunkhwa,0.1856303614279952,34.654764122196994,73.42663057213426,1.0051916484914563,1.007419906325064,43516.22722477216,20184.3526713434,33451.567271390115,790.6349853586551,669.8900000000001,314.34000000000003,22.376666666666665,78.16333333333334,0,real: flood extent + rasters + NASA POWER
Mardan,2022,Khyber Pakhtunkhwa,3.313793521729276,34.31594245910656,72.09740412049389,1.008275345991349,1.0367344901529725,31401.55300409583,12323.49417336983,35118.633141464095,2228.708123957185,571.8900000000001,314.34000000000003,27.226666666666663,73.55333333333334,1,real: flood extent + rasters + NASA POWER
Mohmand,2022,Khyber Pakhtunkhwa,0.4715766174393923,34.46547240768557,71.33887956593416,1.0108555317130778,1.0085550403164973,24063.339622599375,1698.198360045267,32584.16159626611,402.15015731413536,463.65999999999997,301.94,26.453333333333333,69.47,0,real: flood extent + rasters + NASA POWER
North Waziristan,2022,Khyber Pakhtunkhwa,0.1601879353776645,32.95351612953453,69.98472080617289,1.0084844066486478,1.0051448147831787,18406.749488160145,4135.638518974675,17697.561203855585,488.7603927453786,376.14,199.95000000000002,23.896666666666665,63.48666666666667,0,real: flood extent + rasters + NASA POWER
Nowshera,2022,Khyber Pakhtunkhwa,8.729822320521544,33.92731059537648,71.98482855790424,1.0455413604028214,1.0604037919619065,28695.506063206314,5876.277475672941,28905.770843765808,1406.6212894697962,624.37,256.98999999999995,28.586666666666662,73.68666666666667,1,real: flood extent + rasters + NASA POWER
Orakzai,2022,Khyber Pakhtunkhwa,0.0,33.700349800047356,70.98977815698191,1.008822547548384,1.0000283918793729,31104.3632539475,9134.102248316292,24364.22434667767,528.5442576737067,450.43,210.49,27.396666666666665,71.51666666666667,0,real: flood extent + rasters + NASA POWER
Peshawar,2022,Khyber Pakhtunkhwa,3.6544634043508544,33.93045463463318,71.59522928788846,1.0356568712658583,1.0910947605033197,23202.298520235392,1994.5226619666646,27308.900054314792,2297.846420582515,624.37,256.98999999999995,28.586666666666662,73.68666666666667,1,real: flood extent + rasters + NASA POWER
Shangla,2022,Khyber Pakhtunkhwa,1.1988332053651458,34.849456941845645,72.73128658500633,1.0121805086505569,1.0079845240827567,34360.7649798354,13045.89572029684,44885.34457610632,1315.4132476474638,505.93999999999994,258.84999999999997,18.956666666666667,79.50666666666666,1,real: flood extent + rasters + NASA POWER
South Waziristan,2022,Khyber Pakhtunkhwa,0.3699126517881567,32.31444320617406,69.75081760741193,1.041010284809226,1.0378353026693818,14901.293924751233,1558.6319016456234,14824.547406505333,386.31681263126126,401.77,226.60999999999999,25.03,66.84,0,real: flood extent + rasters + NASA POWER
Swabi,2022,Khyber Pakhtunkhwa,8.970862978285874,34.13642650690444,72.45870097913712,1.0274975724753952,1.0531066095835604,38055.508605170486,15035.953730261592,46294.87676632992,1807.3906705938252,880.98,416.64,28.58666666666667,76.45666666666666,1,real: flood extent + rasters + NASA POWER
Swat,2022,Khyber Pakhtunkhwa,1.8312551633302163,35.241750909642676,72.4626776877682,1.012899730365115,1.0157122341322635,25476.31233145003,7084.679955683125,34246.2958323818,639.4695805365366,505.93999999999994,258.84999999999997,18.956666666666667,79.50666666666666,1,real: flood extent + rasters + NASA POWER
Tank,2022,Khyber Pakhtunkhwa,9.717386295404538,32.32967326728002,70.3468965201431,1.758861335154701,1.525597260290831,13502.27680871376,1986.4060752371686,16139.364781099708,173.65354197019948,443.34999999999997,266.90999999999997,29.593333333333334,66.92333333333333,1,real: flood extent + rasters + NASA POWER
Tor Ghar,2022,Khyber Pakhtunkhwa,7.5249097102139615,34.559006838513056,72.83415425369034,1.0442655742251157,1.0947763519719276,42872.35223963789,20310.008477496536,45403.23929192654,1442.0290500124245,669.8900000000001,314.34000000000003,22.376666666666665,78.16333333333334,1,real: flood extent + rasters + NASA POWER
Upper Dir,2022,Khyber Pakhtunkhwa,0.15791821926782437,35.2817385862661,72.03454741521071,1.00152818037965,1.0018810234569013,36060.19794190933,12202.3668430022,34373.17446235426,592.8810689316956,308.43,225.06,15.223333333333334,67.08666666666666,0,real: flood extent + rasters + NASA POWER
Attock,2022,Punjab,2.955949040006376,33.48659321805251,72.30532796858091,1.0249717790218045,1.0325980188084225,31390.524410171125,11316.474132750249,38204.0141537525,753.3872008907363,834.49,459.42,28.353333333333335,77.17666666666666,1,real: flood extent + rasters + NASA POWER
Bahawalnagar,2022,Punjab,8.879109438283402,29.608456732425815,73.01730415645225,2.69696034906132,2.9913782509242512,8648.765232661926,424.97222667031116,12297.576079546729,1272.754771569956,382.81,287.68,31.19333333333333,67.17333333333333,1,real: flood extent + rasters + NASA POWER
Bahawalpur,2022,Punjab,0.7689735438499923,28.827978616368263,71.72408116598207,2.1171766883170635,2.322581888573502,8804.701395197013,348.4555672639493,7849.451164331673,291.34456863678383,370.66,255.13000000000002,31.91333333333333,63.913333333333334,0,real: flood extent + rasters + NASA POWER
Bhakkar,2022,Punjab,1.6178431851086446,31.658584662865294,71.43247819685227,3.1341495063521796,3.439709127213039,14700.514373153146,2250.4234948077733,14959.73838185999,437.6299232269339,451.35,258.23,32.306666666666665,62.21666666666666,1,real: flood extent + rasters + NASA POWER
Chakwal,2022,Punjab,0.7861639549010782,32.89654761891756,72.53263403417543,1.006525325373695,1.007952660823447,29772.410442966004,9980.27528783669,37432.96842665905,377.9994438165181,722.9300000000001,392.15000000000003,28.59,76.38,0,real: flood extent + rasters + NASA POWER
Chiniot,2022,Punjab,17.38518544948873,31.664416134414626,72.82443973509143,3.556330491170406,3.5929313690988995,15240.22150899779,1800.6826106784097,23513.18644517052,1300.3948665862058,456.63,253.57999999999998,30.99,68.53333333333333,1,real: flood extent + rasters + NASA POWER
Dera Ghazi Khan,2022,Punjab,16.010332320355168,30.411774797588915,70.44499976580747,2.1905469839810574,2.207548036037637,10722.137436980558,612.9200679650196,12711.697821154938,703.2283094926034,400.99,217.0,30.426666666666666,66.73,1,real: flood extent + rasters + NASA POWER
Faisalabad,2022,Punjab,6.73180322436398,31.237465049721152,73.1475503269012,3.274978545243548,3.3566504853127612,15136.260440675527,1312.0866946711599,23878.48418284978,1110.6957388113126,466.3,299.77,31.026666666666667,68.39333333333333,1,real: flood extent + rasters + NASA POWER
Gujranwala,2022,Punjab,55.696569249734964,32.13994751127013,74.0887882150182,2.7869521905779746,2.6899625692944116,26122.672991890697,9052.546878245634,45258.740344694845,1282.9050710020883,727.4499999999999,357.73999999999995,29.686666666666667,76.26333333333334,1,real: flood extent + rasters + NASA POWER
Gujrat,2022,Punjab,17.982403745037004,32.72332618030203,73.99340786254587,1.5555545460088784,1.8002446333508186,35668.58466522826,21789.450435094426,54899.03851036946,1871.679440864592,845.85,461.90000000000003,29.7,76.30333333333334,1,real: flood extent + rasters + NASA POWER
Hafizabad,2022,Punjab,69.6842855351323,32.02600424237065,73.5024315406946,3.2474298855234345,3.0637435647499176,20477.45256447776,3462.5751248902548,37814.65207061039,790.0125824013774,614.4,309.38,30.070000000000004,74.24333333333334,1,real: flood extent + rasters + NASA POWER
Jhang,2022,Punjab,19.3538815314836,31.175137807884294,72.17638580164252,3.640972901571329,3.7221334306219642,11016.571695439272,511.64225782742847,15837.207245491703,898.2584706198081,446.34000000000003,246.45000000000002,31.473333333333333,68.07333333333334,1,real: flood extent + rasters + NASA POWER
Jhelum,2022,Punjab,6.0784492451934815,32.83386897312157,73.29996733516478,1.7433472645168853,1.8247031435755177,34232.56591966566,14757.083920074356,49384.24585329197,1446.9520354914703,948.6,566.0600000000001,28.126666666666665,78.76333333333334,1,real: flood extent + rasters + NASA POWER
Kasur,2022,Punjab,14.3422204616064,31.053841961032706,74.15805095352512,3.0111065727689392,3.0271985605529528,19118.790116708326,4144.502410707633,31058.46210285884,989.5922240868367,540.63,305.04,30.34,71.22,1,real: flood extent + rasters + NASA POWER
Khanewal,2022,Punjab,7.628346024646052,30.36840225782132,72.01726211136999,2.586261003115079,2.7415390330473097,6270.95764303164,35.68914268957609,11066.318479904463,704.6150335118145,404.46000000000004,259.78000000000003,31.47,68.73,1,real: flood extent + rasters + NASA POWER
Khushab,2022,Punjab,7.282712358724797,32.187923424083074,72.10477995878527,2.4735018296155125,2.6954128127560866,20432.412248998582,3805.7070545914003,24044.62077118186,408.239490929128,505.45000000000005,258.54,31.516666666666666,65.49666666666666,1,real: flood extent + rasters + NASA POWER
Lahore,2022,Punjab,7.171035503296072,31.465540538836553,74.35796853622799,2.853144452398758,2.7391519543702763,27007.975076521147,13073.601895044689,36649.14705590505,1812.9407478009155,570.99,281.17,30.176666666666666,72.71333333333332,1,real: flood extent + rasters + NASA POWER
Leiah,2022,Punjab,10.337365228316207,30.97715511705255,71.24767063239754,2.9960943508094724,3.2516175599889525,10006.655208441867,653.6786636302144,12209.113639868652,1053.1321584445955,414.14,198.71,32.21666666666667,63.32333333333333,1,real: flood extent + rasters + NASA POWER
Lodhran,2022,Punjab,0.5512384755209234,29.674646964271062,71.68792704017109,2.390323451873335,2.5083913904121085,6052.515771455679,39.08714562182684,9294.61190143775,512.5756936590645,361.32000000000005,252.03000000000003,31.596666666666668,66.99,0,real: flood extent + rasters + NASA POWER
Mandi Bahauddin,2022,Punjab,23.544475871877278,32.434586244233756,73.45356377101129,2.7310617442741054,2.630658612455196,26446.814734882206,9147.740252148118,48970.72139205681,1569.6604359795967,845.85,461.90000000000003,29.7,76.30333333333334,1,real: flood extent + rasters + NASA POWER
Mianwali,2022,Punjab,11.45945892827036,32.66976314660676,71.53192435800635,2.164124623985437,2.227237020722414,22881.739933906534,7941.434830307292,22671.253200386658,1613.3839775514843,484.62000000000006,265.67,30.89,67.83333333333333,1,real: flood extent + rasters + NASA POWER
Multan,2022,Punjab,8.776244017637119,29.938070900165894,71.40293701466476,2.7811027067691576,2.8495225539268265,5138.9506221323445,22.308527738052675,9790.980136269514,1151.0620383818973,382.59,243.04,31.59,68.58666666666666,1,real: flood extent + rasters + NASA POWER
Muzaffargarh,2022,Punjab,17.695662198599173,30.050680756287896,71.03855564933043,3.113505576611481,3.0688812649308814,6644.564332965409,207.45947439783444,10058.132319486494,1644.681819671188,382.59,243.04,31.59,68.58666666666666,1,real: flood extent + rasters + NASA POWER
Nankana Sahib,2022,Punjab,51.6907406006622,31.431506194728723,73.68457383123375,3.168026807106356,3.13448790467237,19257.861811078736,4257.472164057398,31391.846846512137,853.6032966154364,497.65,262.88,30.593333333333334,70.53666666666668,1,real: flood extent + rasters + NASA POWER
Narowal,2022,Punjab,32.91546711639627,32.206782671072176,74.99431729729326,1.4926020090674728,1.7750928849550165,38194.283060308866,27401.88697742105,47114.606732632645,771.5110723004439,877.36,418.81,29.383333333333336,77.86,1,real: flood extent + rasters + NASA POWER
Okara,2022,Punjab,10.440221213587423,30.70939256899169,73.68425888512623,3.136849842606869,3.319808071879965,12783.753949293261,1009.6488562754615,23478.98755997827,936.6419664753257,519.4,363.32,30.49,71.16,1,real: flood extent + rasters + NASA POWER
Pakpattan,2022,Punjab,2.2931559260996446,30.30334554858408,73.24483902625967,3.4967596966536467,3.670562652449966,10191.700338981624,492.89250899473797,16614.678493966763,1168.671432609429,451.40999999999997,323.33,31.063333333333333,68.31,1,real: flood extent + rasters + NASA POWER
Rahim Yar Khan,2022,Punjab,5.533811420834871,28.41216147766948,70.53180992171724,2.19631007648005,2.39349744390606,5993.721440501401,211.02244290906827,5983.878671533225,600.8375774474384,581.83,339.76000000000005,30.95,72.07666666666667,1,real: flood extent + rasters + NASA POWER
Rajanpur,2022,Punjab,18.58157914318951,29.161160324099622,70.03298554692928,2.645422812973751,2.694095232480125,8428.968697302258,388.6434020038312,8763.543322791738,645.2348955748772,801.19,438.34000000000003,29.580000000000002,77.36333333333333,1,real: flood extent + rasters + NASA POWER
Rawalpindi,2022,Punjab,1.325582305671821,33.46178914805709,73.19904413433693,1.0029808064849388,1.0079374053542407,44082.18803262914,25673.122864390243,48528.61701259709,809.567033488174,1013.1899999999999,573.1899999999999,27.623333333333335,78.57333333333334,1,real: flood extent + rasters + NASA POWER
Sahiwal,2022,Punjab,3.390944231467975,30.547941707559175,72.89394604163624,2.7229798134007646,3.0123841440085144,9855.08332325935,653.2762610029698,15251.060208143019,753.6448206644176,451.40999999999997,323.33,31.063333333333333,68.31,1,real: flood extent + rasters + NASA POWER
Sargodha,2022,Punjab,9.574250299427096,32.101532304673036,72.74385301615182,3.1424635667871765,3.018836338907393,20099.265966171228,2938.4350656398196,29511.478194005515,1077.6768268985986,512.98,246.76,30.96666666666667,69.86,1,real: flood extent + rasters + NASA POWER
Sheikhupura,2022,Punjab,49.92246012718057,31.739609586511126,74.05601736703579,2.93061426599716,2.8230077022320517,25021.738467025567,7380.017667195458,37742.200535093005,1523.7425617311667,497.65,262.88,30.593333333333334,70.53666666666668,1,real: flood extent + rasters + NASA POWER
Sialkot,2022,Punjab,62.088330653945626,32.4097911127757,74.53324122688717,1.558968473496536,2.0712866390983984,35358.89377307271,22075.47116911877,57018.23118513715,1194.528666764192,915.8900000000001,482.36,29.349999999999998,77.65666666666667,1,real: flood extent + rasters + NASA POWER
Toba Tek Singh,2022,Punjab,7.087066701669857,30.877923558688018,72.54780564531306,3.3119902601706923,3.553070835435279,9873.916163562673,558.3470681512574,15678.695120486698,909.8954003539878,453.65999999999997,285.82,31.30666666666667,67.75,1,real: flood extent + rasters + NASA POWER
Vehari,2022,Punjab,0.8200213737904956,30.010040809324735,72.40469759908709,2.565179048448651,2.7620841068086888,6603.337661394607,40.1737071740455,10873.75227789211,523.0411439128509,404.19,300.39,31.169999999999998,69.08666666666666,0,real: flood extent + rasters + NASA POWER
Badin,2022,Sindh,67.56088683280367,24.722529908064885,68.84135739885956,4.323660529696213,4.323581205968564,10335.468764508829,839.5107866181245,11986.608455817262,507.28256113543665,849.27,414.15999999999997,28.793333333333333,81.48666666666666,1,real: flood extent + rasters + NASA POWER
Central Karachi,2022,Sindh,0.0,24.948555946524635,67.05930121698898,3.3013832853025935,3.62285878962536,9496.353452449568,1705.0763804034582,10644.738916426513,2399.866074927954,718.6700000000001,400.52,28.28333333333333,84.67,0,real: flood extent + rasters + NASA POWER
Dadu,2022,Sindh,32.6938477408818,26.866781047386187,67.49722974175133,3.1763987893073424,3.173620090323588,4857.265601848925,103.84124801021744,7044.376366582615,687.9602642558202,1380.7,950.7700000000001,29.816666666666666,76.23,1,real: flood extent + rasters + NASA POWER
East Karachi,2022,Sindh,0.0,24.935855776659423,67.13479460973282,2.6049100915569756,2.9779603844885743,9633.201747807088,1985.498259076894,10950.902276424531,475.4954221512085,718.6700000000001,400.52,28.28333333333333,84.67,0,real: flood extent + rasters + NASA POWER
Ghotki,2022,Sindh,25.040690348199508,27.827437569094737,69.65202097255516,3.1331413075357464,3.4532180478974746,4362.420523068348,10.639584965416388,4800.111808323904,250.20976972410486,1105.73,604.8100000000001,30.23,78.88666666666667,1,real: flood extent + rasters + NASA POWER
Hyderabad,2022,Sindh,27.340303279168438,25.33990709851298,68.45731388230709,3.5605761380001475,3.571176039219706,7170.658813215361,19.574022607674625,9163.38187672803,1265.486691521871,761.0,433.07,29.090000000000003,82.0,1,real: flood extent + rasters + NASA POWER
Jacobabad,2022,Sindh,97.93704547639894,28.20682779438667,68.47687407452639,4.858211503646964,4.892846357635858,2994.4997811769563,0.0,4242.344942822734,211.0782372946195,1809.4499999999998,1022.3799999999999,30.24,79.60666666666667,1,real: flood extent + rasters + NASA POWER
Jamshoro,2022,Sindh,7.97661649974602,25.73447545929718,67.79256554861017,2.0024272442030737,2.046554073719103,6937.971896537243,612.8573902388048,8316.085024712587,661.3187827382367,728.9100000000001,391.53000000000003,27.45,84.21666666666667,1,real: flood extent + rasters + NASA POWER
Kambar Shahdad Kot,2022,Sindh,63.735500576442526,27.635573468944084,67.71067282134987,3.9300078871597672,3.976304057927863,2435.207032432381,0.0,5472.691404642971,709.7133386759074,1456.3600000000001,903.96,29.566666666666666,75.89,1,real: flood extent + rasters + NASA POWER
Kashmore,2022,Sindh,90.28449066330327,28.27455797088685,69.23118097941932,4.8222276073336685,4.860847920453907,3254.026896232368,3.9508280675207668,5148.543292697069,1450.1610124329427,1289.53,676.42,30.253333333333334,77.71333333333332,1,real: flood extent + rasters + NASA POWER
Khairpur,2022,Sindh,15.724264192469095,26.8267108828757,69.08183587681832,3.1016354250041562,3.1546648652275007,7274.954057496567,521.9731864283307,5069.552586286192,258.4353932429318,824.49,529.79,30.11,76.74666666666667,1,real: flood extent + rasters + NASA POWER
Korangi Karachi,2022,Sindh,3.3565989128609433,24.83859480449059,67.1424087642049,3.8049286261910846,3.707337908878505,8733.230806845966,2549.954968434113,11178.137921214997,1213.3965171041582,718.6700000000001,400.52,28.28333333333333,84.67,1,real: flood extent + rasters + NASA POWER
Larkana,2022,Sindh,96.51055889035734,27.522390750775614,68.19398058929207,4.967464986478525,4.964522034082794,2357.8060185086442,0.0,4544.8015391755025,1237.0508266963989,1204.93,748.34,30.24,79.45333333333333,1,real: flood extent + rasters + NASA POWER
Malir Karachi,2022,Sindh,5.832782845580958,25.120729610091576,67.28733925682226,2.1613264824345335,2.268018230638114,9180.555922998454,1445.1740805060815,10403.475732338651,1526.350720881257,671.33,345.65000000000003,28.146666666666665,83.51333333333334,1,real: flood extent + rasters + NASA POWER
Matiari,2022,Sindh,39.23138927901893,25.761477646027018,68.45381764915588,3.922023393540208,3.98085793908057,6622.151063783354,46.68254995373972,7177.375584724314,1508.4593820560879,827.14,550.25,29.46666666666667,80.61,1,real: flood extent + rasters + NASA POWER
Mirpur Khas,2022,Sindh,26.39281348235881,25.339583412036912,69.16451998868895,3.9347194167883073,4.283401773277646,9714.467929290942,784.4451557727447,8939.162155557291,779.250105866211,775.29,468.09999999999997,29.246666666666666,80.63666666666667,1,real: flood extent + rasters + NASA POWER
Naushahro Feroze,2022,Sindh,62.17118403515664,26.878078761532688,68.1252686155392,4.210754191462895,4.243625633725172,5210.587889165055,205.8881759636665,5525.152901814737,1161.9102825292555,1119.3500000000001,775.3100000000001,30.026666666666667,79.67999999999999,1,real: flood extent + rasters + NASA POWER
Sanghar,2022,Sindh,17.57159398257754,25.958893335783934,69.29437264079192,2.8405783957453394,3.1194794106939487,9595.102234803813,552.9508500566293,6653.99922473473,455.49496711570015,791.2800000000001,513.0500000000001,29.7,78.38000000000001,1,real: flood extent + rasters + NASA POWER
Shaheed Benazir Abad,2022,Sindh,48.00351910134295,26.360214840171743,68.3324417055417,3.5067228973641034,3.5326041128276184,6723.1354539729555,187.50678612457557,6006.589851543768,627.2128696229671,1004.88,720.4399999999999,29.900000000000002,79.11333333333333,1,real: flood extent + rasters + NASA POWER
Shikarpur,2022,Sindh,96.89761583178532,27.94775842273573,68.60561271726911,4.944028708511019,4.953821487132392,2381.8850166161196,5.543016338931923,3954.020045149115,883.4327054724222,1809.4499999999998,1022.3799999999999,30.24,79.60666666666667,1,real: flood extent + rasters + NASA POWER
South Karachi,2022,Sindh,5.198200313121709,24.89553245531509,66.87376822769646,3.025045170890208,3.1245980317206064,8788.636204863844,2289.7711175896306,10301.201068917873,1540.9041876072333,718.6700000000001,400.52,28.28333333333333,84.67,1,real: flood extent + rasters + NASA POWER
Sujawal,2022,Sindh,58.917955065522335,24.24377598113204,68.1519770560001,3.592159800975451,4.403743252837746,9657.566531081975,2819.9220062966965,14842.721824298273,6549.800437022836,1112.73,558.3100000000001,28.526666666666667,82.67,1,real: flood extent + rasters + NASA POWER
Sukkur,2022,Sindh,23.33142691830489,27.50244750578326,69.17658694876505,3.7877667311629963,3.8621482661041733,4487.970868399455,8.158807927579286,4357.960307678673,912.0273160281859,894.6100000000001,527.9300000000001,30.343333333333334,76.47,1,real: flood extent + rasters + NASA POWER
Tando Allahyar,2022,Sindh,8.26581329334556,25.464212531444456,68.77609804355151,3.0164648718717912,3.1718321587472524,8222.52114374177,439.45259726044907,8423.823887918878,295.0440368433879,761.0,433.07,29.090000000000003,82.0,1,real: flood extent + rasters + NASA POWER
Tando Muhammad Khan,2022,Sindh,65.53607929617804,25.000046394866228,68.50123189201342,3.648887193705829,3.6977205246571723,8250.090623414488,194.79197543215258,11688.099855115443,190.0509168280465,740.5899999999999,383.46999999999997,28.956666666666667,81.72333333333334,1,real: flood extent + rasters + NASA POWER
Tharparkar,2022,Sindh,3.703794198548993,24.77984324516659,70.17701799074051,1.5404163902657049,2.004149743858593,14693.381207770331,2540.8466834955652,10360.447399629951,253.44131823587557,764.03,425.32,29.00666666666667,78.96666666666665,1,real: flood extent + rasters + NASA POWER
Thatta,2022,Sindh,34.814244288508135,24.73115462241266,67.7634463177139,3.417753296021201,3.444193744222182,8270.294792373868,1983.0229193114114,12026.498255845017,3419.6885016227197,771.24,382.23,28.513333333333332,82.92666666666666,1,real: flood extent + rasters + NASA POWER
Umer Kot,2022,Sindh,15.856335532280724,25.382859397044335,69.77820790187879,2.546995927803588,2.819303187090382,10621.244969248071,904.7006575713918,8420.485324381767,346.7220606610851,726.33,443.3,29.51,76.86666666666666,1,real: flood extent + rasters + NASA POWER
West Karachi,2022,Sindh,0.9247824155554678,24.998308382659086,67.01144574147219,2.969260394682113,3.214203626392248,9827.995778965693,2296.230745767412,10329.116987352303,730.2774359527367,718.6700000000001,400.52,28.28333333333333,84.67,0,real: flood extent + rasters + NASA POWER
Bagh,2023,Azad Kashmir,0.0,33.991375639097264,73.74125084767641,1.000861919428958,1.0006632914896467,51407.336210517205,20006.007214740603,35232.03551934915,654.8726111844607,505.7,336.96999999999997,21.19333333333333,80.95333333333333,0,real: flood extent + rasters + NASA POWER
Bhimber,2023,Azad Kashmir,0.0237819348921257,33.01293817773945,74.13197583479408,1.0031980624838408,1.0168165243704288,42302.87475669945,29919.678210883452,54165.27515948101,762.6207248800924,662.05,387.5,27.596666666666668,75.78666666666668,0,real: flood extent + rasters + NASA POWER
Jhelum Valley,2023,Azad Kashmir,0.0,34.19834482707207,73.82148812104053,1.008064193925658,1.005344117203772,42238.68253874257,11824.407209341198,34487.880273824834,535.783664218624,505.7,336.96999999999997,21.19333333333333,80.95333333333333,0,real: flood extent + rasters + NASA POWER
Haveli,2023,Azad Kashmir,0.0,33.94107160074096,74.11257850138514,1.002877570495371,1.0040444997072986,53084.318117204755,16508.216260198387,35043.853151994954,1155.8288571756011,346.33,244.59,18.903333333333332,76.49333333333334,0,real: flood extent + rasters + NASA POWER
Kotli,2023,Azad Kashmir,0.2749552861051525,33.448672203937875,73.91039869121816,1.001172485414446,1.0032474005324468,49355.530209734556,29723.3149196978,51678.36919358984,508.2454769388913,621.06,386.57,26.846666666666664,73.44,0,real: flood extent + rasters + NASA POWER
Mirpur,2023,Azad Kashmir,7.938959809639279,33.235983684408914,73.73689138596919,1.194439550620075,1.3844577462505867,43065.40332989904,28363.31293383753,58446.9627419448,4101.490452579312,670.64,402.38,29.606666666666666,73.90666666666667,1,real: flood extent + rasters + NASA POWER
Muzaffarabad,2023,Azad Kashmir,0.103372176781853,34.35001726234916,73.58669777252743,1.0093247572462836,1.0076643048898752,45745.366393973,17835.321731688895,33835.96162467299,1255.9347722783536,554.3,374.48,18.180000000000003,77.29,0,real: flood extent + rasters + NASA POWER
Neelum,2023,Azad Kashmir,0.007347300785702083,34.816919779001026,74.1885700976562,1.0133171045620124,1.0149912923922118,35528.542814054665,12145.566689153418,25959.168982469626,495.29051461317385,241.85999999999999,172.98,9.87,71.62666666666667,0,real: flood extent + rasters + NASA POWER
Poonch,2023,Azad Kashmir,0.0,33.81860595364957,73.8307063617386,1.0006574689764884,1.0012504049851199,51775.34521028089,21742.073278409167,39319.43322134875,780.7117836488754,505.7,336.96999999999997,21.19333333333333,80.95333333333333,0,real: flood extent + rasters + NASA POWER
Sudhnoti,2023,Azad Kashmir,0.0,33.703047393154165,73.74255956832253,1.0004206494606278,1.0007538481123355,53802.60582378109,28167.316751257797,44089.462708871826,297.21377516286327,621.06,386.57,26.846666666666664,73.44,0,real: flood extent + rasters + NASA POWER
Awaran,2023,Balochistan,0.3163079413903701,26.191952887011126,65.38130464285506,1.4493337914925044,1.5894928178556902,4107.439027761259,182.7407609047325,6082.81856144968,851.7334319476728,63.02,55.49,30.99333333333333,57.06333333333333,0,real: flood extent + rasters + NASA POWER
Barkhan,2023,Balochistan,0.0,29.955021174777123,69.61371091203921,1.0135901452849319,1.0137531854010873,14815.896106251277,1491.487808896941,14031.944636510156,91.04181940435626,236.81,221.96,27.176666666666666,52.65,0,real: flood extent + rasters + NASA POWER
Chagai,2023,Balochistan,0.0005506816985502911,28.976702370638424,63.28083224238819,2.449584223338467,2.783668911965598,1372.7917001592652,27.066709917725348,513.859705818391,1588.3406033189963,6.82,6.82,31.706666666666667,14.323333333333332,0,real: flood extent + rasters + NASA POWER
Dera Bugti,2023,Balochistan,0.19637125022211338,28.951805351433112,69.05246031270632,1.206051406192045,1.3209398858190071,7443.684495356372,186.15591708093763,7638.052801584019,218.24779051201858,200.56,199.02,32.583333333333336,50.31333333333333,0,real: flood extent + rasters + NASA POWER
Gwadar,2023,Balochistan,0.35768810801180567,25.40069092229933,63.12154757238087,4.021041370313116,4.202605485212579,2287.626913674117,447.79229882316434,3706.853776595504,925.0566094045912,80.33,73.2,30.86,61.43,0,real: flood extent + rasters + NASA POWER
Harnai,2023,Balochistan,0.0,30.132513355358192,67.8633915843766,1.0340533760114545,1.0162000234961837,12563.619604060652,826.6875737148679,9277.884243384315,328.54343102029645,223.19,215.76,28.286666666666665,47.080000000000005,0,real: flood extent + rasters + NASA POWER
Jaffarabad,2023,Balochistan,53.97969649829661,28.205231576744765,68.00589466694801,4.9578434666461595,4.9739182357684895,2861.3778995673397,0.0,4468.496179008997,279.6309041538447,141.64,140.11999999999998,36.03,43.56,1,real: flood extent + rasters + NASA POWER
Jhal Magsi,2023,Balochistan,9.340734208616741,28.403329314431073,67.52758676536988,4.190207158689016,4.187690437724201,3494.539267094167,0.0,4749.23735175739,178.31405586582497,155.44000000000003,149.42000000000002,34.45333333333333,40.51333333333333,1,real: flood extent + rasters + NASA POWER
Kachhi,2023,Balochistan,3.2508514446726102,29.34486047684596,67.52716423837614,2.452818673013999,2.4839194522487165,5169.376019271973,16.45881810318504,6078.303441588059,346.4724094182762,175.44,173.29,31.623333333333335,40.07333333333333,1,real: flood extent + rasters + NASA POWER
Kalat,2023,Balochistan,0.0,29.098399087688644,66.72862663775425,1.0559366133995272,1.0309475715490277,4398.872010909146,486.7615780411188,5097.1793190570415,46.23563438138416,105.56,100.13,25.093333333333334,37.843333333333334,0,real: flood extent + rasters + NASA POWER
Kech,2023,Balochistan,0.2843560871554725,25.99792836430778,63.049613806723684,1.9698741996859155,2.328752001584563,2934.261891519183,219.39015941549698,3628.4650340256358,405.18081512245703,60.0,50.699999999999996,31.566666666666666,50.25,0,real: flood extent + rasters + NASA POWER
Kharan,2023,Balochistan,0.0,28.69413057069562,65.60132293769918,2.0312125268536003,2.2134138614179037,2364.284766151525,87.48051466040882,2709.846461867993,294.0209666831725,54.849999999999994,44.019999999999996,30.393333333333334,24.23,0,real: flood extent + rasters + NASA POWER
Khuzdar,2023,Balochistan,0.026571323936652833,27.453469718852638,66.64668161569884,1.0493425140030785,1.0483679803509527,5921.168455881765,436.3082361131074,6676.889454586748,191.11349041490521,160.82999999999998,138.57,28.836666666666662,47.129999999999995,0,real: flood extent + rasters + NASA POWER
Killa Abdullah,2023,Balochistan,0.0,30.78064242133432,66.74678309985701,1.106639139532061,1.0888724959625677,8878.578355097712,1223.905787143532,6761.410524897469,129.8052187972914,42.47,36.269999999999996,24.86,21.826666666666668,0,real: flood extent + rasters + NASA POWER
Killa Saifullah,2023,Balochistan,0.017482846976224955,30.96696578738557,68.32053853286857,1.1047602485195034,1.1439538806355432,7018.838365679508,261.8779573820144,10642.423961913904,164.5987104143101,137.63000000000002,129.89000000000001,23.006666666666664,33.086666666666666,0,real: flood extent + rasters + NASA POWER
Kohlu,2023,Balochistan,0.0,29.588636488737027,68.84299859934525,1.0502772905610873,1.0748642587476789,10600.371174792399,648.0248221150312,11305.891768633512,199.90733749071308,231.87,228.78,30.206666666666667,49.56999999999999,0,real: flood extent + rasters + NASA POWER
Lasbela,2023,Balochistan,0.9673102990337015,25.7967229800511,66.64526184631511,2.2935878760334942,2.343636792565265,6009.791359056728,297.3402075361381,7890.017976741726,511.6433504877243,155.4,148.49,29.53333333333333,67.22666666666667,0,real: flood extent + rasters + NASA POWER
Lehri,2023,Balochistan,6.524710167432708,29.007731649200903,68.01216690745781,4.451086889354611,4.4111733587211415,2949.204200718693,0.0,5519.984814655385,138.7699854103891,206.75,202.74,34.93333333333333,44.74333333333334,1,real: flood extent + rasters + NASA POWER
Loralai,2023,Balochistan,0.0,30.4701050696752,68.77505347387337,1.024970624350219,1.031773823889939,8663.18667136959,298.07352426359927,12939.72826933443,50.16228261754755,169.25000000000003,162.13000000000002,26.25,41.46,0,real: flood extent + rasters + NASA POWER
Mastung,2023,Balochistan,0.10599734673855202,29.72174951856186,66.74335494723883,1.1099851521685815,1.05794449769843,6173.517425223089,402.04986227362565,5729.6496591419145,0.0,91.72999999999999,88.66,24.97,34.13,0,real: flood extent + rasters + NASA POWER
Musakhel,2023,Balochistan,0.0,30.865251139547485,69.91872279764065,1.0191598589409032,1.0098776513070136,13895.72262609359,808.4704761994878,13886.622132301141,82.60512013971636,154.64000000000001,136.09,27.72666666666667,48.25666666666666,0,real: flood extent + rasters + NASA POWER
Nasirabad,2023,Balochistan,16.41584953855552,28.592161085401305,68.10769118101013,4.592200364926669,4.601202807598343,2380.2941300777,0.0,4409.385523786405,123.55730444047195,160.23999999999998,158.1,35.93333333333333,42.93333333333334,1,real: flood extent + rasters + NASA POWER
Nushki,2023,Balochistan,0.0,29.453848883260804,65.7715479532314,3.13214838532394,2.8911774768195673,3657.114059855258,336.4914585127255,2713.2574857950685,1910.0294496786294,34.68,31.93,30.689999999999998,19.19666666666667,0,real: flood extent + rasters + NASA POWER
Panjgur,2023,Balochistan,0.9110534425990515,26.74165811309722,64.15804001241857,1.6725486215918484,1.9805644392357502,2498.1767672655137,4.751274422495323,3958.6702060196926,109.61228673211757,26.58,23.56,29.99,38.343333333333334,0,real: flood extent + rasters + NASA POWER
Pishin,2023,Balochistan,0.0,30.735705073992072,67.14530378686344,1.2042749760400364,1.1403757950029279,9705.442376043371,1975.6189053367827,7319.7575612678775,117.64090061239709,48.98,43.4,25.290000000000003,25.473333333333333,0,real: flood extent + rasters + NASA POWER
Quetta,2023,Balochistan,0.0,30.13329005766278,66.87756131847759,1.1158460960525005,1.0485065679611667,9372.646256042939,1096.0068982275127,6535.414865440327,118.43357023492293,68.82,64.78999999999999,25.17,30.616666666666664,0,real: flood extent + rasters + NASA POWER
Sherani,2023,Balochistan,0.5862754372580923,31.635605726562538,69.77473795138059,1.068077784436466,1.0551832526965006,11909.821992038876,860.4243430680019,12812.421577151385,196.95012066043228,142.54,124.61999999999999,27.72666666666667,49.07,0,real: flood extent + rasters + NASA POWER
Sibi,2023,Balochistan,0.061144499124506625,29.761125163334906,67.94481207056015,1.5684059232913674,1.6496064375162747,8588.953679708415,158.40053090099394,7954.46588503205,300.7355428237126,223.19,215.76,28.286666666666665,47.080000000000005,0,real: flood extent + rasters + NASA POWER
Sohbatpur,2023,Balochistan,58.81020790380062,28.506656088784716,68.61536229609497,4.574289063933071,4.661098985623987,3372.1943504386886,13.185310821576337,4844.538078312628,106.28466862860297,159.93,158.41,35.23666666666667,45.63333333333333,1,real: flood extent + rasters + NASA POWER
Washuk,2023,Balochistan,0.006009520184377585,27.77998954061544,64.38912871076715,2.957128669839097,3.1177371765291944,1520.0023146120875,0.39692623343477185,2153.862080329068,533.0752316077275,24.119999999999997,22.009999999999998,33.306666666666665,19.893333333333334,0,real: flood extent + rasters + NASA POWER
Zhob,2023,Balochistan,0.0903053074588906,31.370693186830522,69.01852742985463,1.0566854591028683,1.0431950233536775,7743.05252812155,189.0445964932593,11790.902643584837,122.63078704814662,122.44,114.08,23.439999999999998,35.65333333333333,0,real: flood extent + rasters + NASA POWER
Ziarat,2023,Balochistan,0.0,30.392293987035497,67.87113356580669,1.0190338510963277,1.0046336553392476,10788.104203756233,884.9555085062723,9935.250324775998,83.20947380652635,175.76,168.32999999999998,23.123333333333335,42.4,0,real: flood extent + rasters + NASA POWER
Shaheed Sikandarabad,2023,Balochistan,0.013352307831479145,28.318607887215936,66.18056516205029,1.0867495665825244,1.1421650732339061,3311.17223342237,251.121598214,4602.759666292073,175.02349019187076,78.28999999999999,63.55,25.356666666666666,32.70333333333333,0,real: flood extent + rasters + NASA POWER
Duki,2023,Balochistan,0.485435977030106,30.162524954716595,69.00845506947206,1.155158740035967,1.1916398573766513,9634.325269285577,482.93049414136635,13467.313333136282,47.63209896517178,214.2,208.94,28.353333333333335,46.96666666666667,0,real: flood extent + rasters + NASA POWER
Chaman,2023,Balochistan,0.0,30.86180091160503,66.56102230547808,1.0035188114019755,1.0038390396984478,8463.43515846648,1212.5398042396612,6619.99109317415,3.5243065655960715,23.869999999999997,18.29,28.236666666666668,18.01,0,real: flood extent + rasters + NASA POWER
Astore,2023,Gilgit Baltistan,0.013460641319992661,35.143481442612924,74.88276464411585,1.0189837558154988,1.0159098294298738,15712.384206183746,3388.6314602747693,20036.622990022253,525.0367947849176,190.29999999999998,142.6,8.35,72.13,0,real: flood extent + rasters + NASA POWER
Diamir,2023,Gilgit Baltistan,0.10856968845292364,35.37759062783455,74.21620543824325,1.0308477861472145,1.0147356796534455,17326.99923237734,4559.154128070882,21150.813101243937,1083.897879147105,130.42000000000002,89.59,16.486666666666665,51.00666666666667,0,real: flood extent + rasters + NASA POWER
Ghanche,2023,Gilgit Baltistan,0.23678606135337935,35.273439526001724,76.72144935756792,1.0325388592974287,1.1946496318572828,2992.4840226699507,297.01659214217057,13112.808282069343,437.32791668487164,99.28999999999999,59.83,-1.2266666666666668,73.55,0,real: flood extent + rasters + NASA POWER
Ghizer,2023,Gilgit Baltistan,0.23867346617555135,36.3930972676352,73.88504573214492,1.032492069114843,1.059697783410765,4886.509390767865,821.1824627678777,16112.571920800803,379.23902282200777,37.660000000000004,23.87,10.6,37.050000000000004,0,real: flood extent + rasters + NASA POWER
Gilgit,2023,Gilgit Baltistan,0.005675878194375388,35.91083962590362,74.41974501833097,1.0587689532717495,1.0600588496822843,7191.674753120957,2277.468299278359,16671.977510635457,577.069714510981,84.19,56.42,12.836666666666666,49.56666666666666,0,real: flood extent + rasters + NASA POWER
Hunza,2023,Gilgit Baltistan,0.13897386813687193,36.58010207980785,75.11556455497768,1.0152952614266895,1.1256587946395145,3580.886308365972,455.6943506417773,16032.296687457741,420.8122593237596,70.03,44.33,5.213333333333334,53.21,0,real: flood extent + rasters + NASA POWER
Skardu,2023,Gilgit Baltistan,1.253504650126034,35.2368953958186,75.51427756333142,1.0475624101126986,1.0727741256662906,8570.585454284585,2436.4098801161035,18005.12582058637,1293.3630706811678,143.35,107.26,8.243333333333332,67.54,1,real: flood extent + rasters + NASA POWER
Nagar,2023,Gilgit Baltistan,0.07373319547589119,36.273671698854876,74.61986136073041,1.0253962903187954,1.102736690450454,3749.6680791341246,907.9776304256624,15235.18444308717,374.40622562795386,53.71999999999999,35.029999999999994,8.07,46.9,0,real: flood extent + rasters + NASA POWER
Kharmang,2023,Gilgit Baltistan,0.0038515368065052697,34.84509401951076,75.78558752417007,1.0101598291509555,1.0138888563952202,14348.687230420755,2687.42125655757,18672.657348555815,581.6028616319697,143.35,107.26,8.243333333333332,67.54,0,real: flood extent + rasters + NASA POWER
Shigar,2023,Gilgit Baltistan,0.08653535655280267,35.77238086147538,75.77215367905112,1.0284139721242107,1.0863866009641276,3552.956049975199,751.0806532525392,15795.381240416173,460.03130042625537,98.85,64.17,1.3933333333333333,67.69666666666666,0,real: flood extent + rasters + NASA POWER
Darel,2023,Gilgit Baltistan,0.00696631544726811,35.708262768379754,73.78302115057303,1.0195454068741272,1.004675434568077,19964.027166343745,5415.345903410862,20522.066346642918,1283.7511446080914,158.54,100.75,16.146666666666665,57.61666666666667,0,real: flood extent + rasters + NASA POWER
Tangir,2023,Gilgit Baltistan,0.02070731501032587,35.742748008413116,73.34862157068389,1.0306154965786607,1.0348469548142056,18386.796100878913,4862.027969287612,22258.569418846004,346.6606210086169,191.9,114.7,14.19,63.623333333333335,0,real: flood extent + rasters + NASA POWER
Gupis-Yasin,2023,Gilgit Baltistan,0.16183569031367914,36.22367498748198,73.16809777356882,1.0243106369378217,1.0498081758805984,5527.524336885074,1252.1105436296834,19142.965926879453,423.8026988706616,75.27,45.57,8.873333333333333,45.05666666666667,0,real: flood extent + rasters + NASA POWER
Rondu,2023,Gilgit Baltistan,0.006084745941816776,35.570567711590435,75.14421559024287,1.0867481933985876,1.0868589404857811,6735.4907168627315,1384.844487674482,17880.802946758497,285.45817209084805,129.79999999999998,93.92999999999999,12.393333333333333,54.50333333333333,0,real: flood extent + rasters + NASA POWER
Islamabad,2023,Islamabad,0.17790817701475503,33.67168475617021,73.11826062310361,1.000055772256401,1.0127966343853174,48898.600391782886,26219.14221374545,46328.252255850064,1531.5793298378128,732.6600000000001,426.87,28.356666666666666,75.7,0,real: flood extent + rasters + NASA POWER
Abbottabad,2023,Khyber Pakhtunkhwa,0.006198745629194534,34.10387582057843,73.27663305618196,1.0024169441697584,1.0011031007082691,55649.096844023596,33506.92797951234,39561.46820140674,875.4296630038647,740.58,461.90000000000003,25.209999999999997,78.68666666666667,0,real: flood extent + rasters + NASA POWER
Bajaur,2023,Khyber Pakhtunkhwa,0.07604612186094319,34.75413692064879,71.50495718397396,1.0031726742254647,1.001094011715936,33099.771444108104,9348.650071334057,36080.710609724854,554.6745768910744,224.07999999999998,116.25,21.46666666666667,60.59,0,real: flood extent + rasters + NASA POWER
Bannu,2023,Khyber Pakhtunkhwa,0.5702472231999177,32.98347228404928,70.62615864773174,1.0947157381316734,1.0768403757265723,17651.29143149819,3440.755262411836,19119.646228402537,1180.94503127139,141.93,98.89,31.200000000000003,48.21666666666667,0,real: flood extent + rasters + NASA POWER
Batagram,2023,Khyber Pakhtunkhwa,0.09839665289911129,34.7874266123209,73.13779170612351,1.0036684949198538,1.0037114084633683,45687.09957658637,19466.967305192946,36861.022123362134,651.5712013339981,370.65000000000003,222.89000000000001,16.726666666666667,79.78666666666668,0,real: flood extent + rasters + NASA POWER
Buner,2023,Khyber Pakhtunkhwa,0.0,34.46305043931335,72.5228237917978,1.0061118128990187,1.001127492031253,41683.83806072749,22105.53270157494,44415.04419679197,925.8234660269393,599.64,386.88,26.406666666666666,71.27666666666667,0,real: flood extent + rasters + NASA POWER
Charsadda,2023,Khyber Pakhtunkhwa,2.751943454424484,34.244277911234974,71.72017937161847,1.0478693886007295,1.0919478994788467,24547.221462361296,3643.287186734641,28725.165819453592,3001.209812256596,466.22999999999996,264.73999999999995,29.656666666666666,68.14,1,real: flood extent + rasters + NASA POWER
Chitral Lower,2023,Khyber Pakhtunkhwa,0.7878336986249566,35.885465760920624,71.74486685483927,1.0276737563672733,1.0235241439150995,14848.052112408837,1619.9961838729607,29146.03550857365,731.140713392613,68.17999999999999,39.68,9.83,49.06,0,real: flood extent + rasters + NASA POWER
Chitral Upper,2023,Khyber Pakhtunkhwa,0.08630211812775006,36.46198193283297,72.56398255578726,1.0180847432314948,1.0471935941505177,7751.7097441860515,1314.1951586477066,22402.473460549572,735.3454221715112,28.71,17.98,7.82,36.199999999999996,0,real: flood extent + rasters + NASA POWER
D. I. Khan,2023,Khyber Pakhtunkhwa,3.2758558084018308,31.816377105422976,70.59780433426303,3.087746505958326,2.904486889201814,12608.968748706131,1951.6117932481204,13796.544480821452,908.0872284533916,158.21,125.55,34.07333333333333,48.29,1,real: flood extent + rasters + NASA POWER
Hangu,2023,Khyber Pakhtunkhwa,0.0,33.431592409943676,70.84799385922864,1.0020583998881116,1.0018209096737984,25082.311685699184,6473.79379492107,21281.86557236504,384.3478486928502,125.78999999999999,79.36,27.253333333333334,49.23,0,real: flood extent + rasters + NASA POWER
Haripur,2023,Khyber Pakhtunkhwa,4.235478603926173,34.00302130742728,72.9013724138452,1.0739402187482814,1.1564923157444276,44238.11165448062,17735.08597560937,50188.63814940699,3071.9763233398717,740.58,461.90000000000003,25.209999999999997,78.68666666666667,1,real: flood extent + rasters + NASA POWER
Karak,2023,Khyber Pakhtunkhwa,0.07024985422157423,33.1385149373142,71.10857430672968,1.0811006323329257,1.0216617672029926,24788.640281448694,8911.629647833286,21331.771263708168,213.74843887062286,232.88,142.6,31.47666666666667,57.44,0,real: flood extent + rasters + NASA POWER
Khyber,2023,Khyber Pakhtunkhwa,0.05341732456385932,33.95956103454677,71.06721317397235,1.019332622620113,1.0144390590734067,26815.00052299587,4849.986289200881,26828.233406782758,1038.6631110621902,244.71,132.68,28.353333333333335,56.660000000000004,0,real: flood extent + rasters + NASA POWER
Kohat,2023,Khyber Pakhtunkhwa,0.46263270364922654,33.48372792433367,71.54659343111086,1.024270677159989,1.0310692949428915,28227.340951707578,5227.301757262089,27018.20014433966,727.9257147148605,242.11,137.95000000000002,29.433333333333334,58.36333333333334,0,real: flood extent + rasters + NASA POWER
Kohistan Lower,2023,Khyber Pakhtunkhwa,0.13696928314395326,35.16856304998793,72.91584807206976,1.0559828611620643,1.0182939932656279,22631.273082387146,7572.619513837294,33545.96108556731,2023.387307079892,370.65000000000003,222.89000000000001,16.726666666666667,79.78666666666668,0,real: flood extent + rasters + NASA POWER
Kohistan Upper,2023,Khyber Pakhtunkhwa,0.016664566276513734,35.41038651205106,73.27065935176876,1.0902696493831583,1.0425838363303783,18698.656270963522,4360.8083176257705,26252.749746212023,920.1467893486063,191.9,114.7,14.19,63.623333333333335,0,real: flood extent + rasters + NASA POWER
Kolai Palas Kohistan,2023,Khyber Pakhtunkhwa,0.07673338023763551,35.024345248306666,73.24542395934382,1.0377092840821378,1.0156059022024861,38033.82546733507,16283.222178544638,31895.79979347526,1464.0879937617874,370.65000000000003,222.89000000000001,16.726666666666667,79.78666666666668,0,real: flood extent + rasters + NASA POWER
Kurram,2023,Khyber Pakhtunkhwa,0.0,33.70753985946702,70.32447776768292,1.007271774975252,1.0019072755377516,29770.490531597974,8122.381866019862,20788.91305652874,466.29502117230663,125.78999999999999,79.36,27.253333333333334,49.23,0,real: flood extent + rasters + NASA POWER
Lakki Marwat,2023,Khyber Pakhtunkhwa,0.0,32.60062796449553,70.81059879826293,1.4119744988412486,1.2011465741327583,18408.061317074058,4882.671649281401,17120.018117750613,364.92187455953547,154.41,116.87,32.23333333333333,49.63666666666666,0,real: flood extent + rasters + NASA POWER
Lower Dir,2023,Khyber Pakhtunkhwa,1.219121815287162,34.83942705979078,71.84883007253904,1.0023257336906222,1.0033510113407489,37650.46374226178,15455.438744342537,37741.55556985586,1011.091722258036,298.1,163.68,22.153333333333336,68.62666666666667,1,real: flood extent + rasters + NASA POWER
Malakand,2023,Khyber Pakhtunkhwa,0.5499942011412299,34.53853522235305,71.89389293831103,1.004158276775497,1.0042177579777474,33839.02488747576,14038.704441285632,36793.3164913661,1347.8341988524182,403.94,228.47,28.319999999999997,67.48333333333333,0,real: flood extent + rasters + NASA POWER
Mansehra,2023,Khyber Pakhtunkhwa,0.08543442031131247,34.654764122196994,73.42663057213426,1.0051916484914563,1.007419906325064,43516.22722477216,20184.3526713434,33451.567271390115,790.6349853586551,526.4300000000001,316.82,22.736666666666668,75.95666666666666,0,real: flood extent + rasters + NASA POWER
Mardan,2023,Khyber Pakhtunkhwa,1.1521273744375342,34.31594245910656,72.09740412049389,1.008275345991349,1.0367344901529725,31401.55300409583,12323.49417336983,35118.633141464095,2228.708123957185,403.94,228.47,28.319999999999997,67.48333333333333,1,real: flood extent + rasters + NASA POWER
Mohmand,2023,Khyber Pakhtunkhwa,0.08634874513963714,34.46547240768557,71.33887956593416,1.0108555317130778,1.0085550403164973,24063.339622599375,1698.198360045267,32584.16159626611,402.15015731413536,255.91,134.23,28.00333333333333,58.946666666666665,0,real: flood extent + rasters + NASA POWER
North Waziristan,2023,Khyber Pakhtunkhwa,0.0,32.95351612953453,69.98472080617289,1.0084844066486478,1.0051448147831787,18406.749488160145,4135.638518974675,17697.561203855585,488.7603927453786,108.7,83.7,26.66,42.99333333333333,0,real: flood extent + rasters + NASA POWER
Nowshera,2023,Khyber Pakhtunkhwa,1.4577679119822666,33.92731059537648,71.98482855790424,1.0455413604028214,1.0604037919619065,28695.506063206314,5876.277475672941,28905.770843765808,1406.6212894697962,466.22999999999996,264.73999999999995,29.656666666666666,68.14,1,real: flood extent + rasters + NASA POWER
Orakzai,2023,Khyber Pakhtunkhwa,0.0,33.700349800047356,70.98977815698191,1.008822547548384,1.0000283918793729,31104.3632539475,9134.102248316292,24364.22434667767,528.5442576737067,242.11,137.95000000000002,29.433333333333334,58.36333333333334,0,real: flood extent + rasters + NASA POWER
Peshawar,2023,Khyber Pakhtunkhwa,0.4244315741703185,33.93045463463318,71.59522928788846,1.0356568712658583,1.0910947605033197,23202.298520235392,1994.5226619666646,27308.900054314792,2297.846420582515,466.22999999999996,264.73999999999995,29.656666666666666,68.14,0,real: flood extent + rasters + NASA POWER
Shangla,2023,Khyber Pakhtunkhwa,0.7382145373231889,34.849456941845645,72.73128658500633,1.0121805086505569,1.0079845240827567,34360.7649798354,13045.89572029684,44885.34457610632,1315.4132476474638,381.49,237.77,19.42,75.19666666666667,0,real: flood extent + rasters + NASA POWER
South Waziristan,2023,Khyber Pakhtunkhwa,0.26164541555423937,32.31444320617406,69.75081760741193,1.041010284809226,1.0378353026693818,14901.293924751233,1558.6319016456234,14824.547406505333,386.31681263126126,133.5,109.42999999999999,27.72,46.86000000000001,0,real: flood extent + rasters + NASA POWER
Swabi,2023,Khyber Pakhtunkhwa,5.098739973689378,34.13642650690444,72.45870097913712,1.0274975724753952,1.0531066095835604,38055.508605170486,15035.953730261592,46294.87676632992,1807.3906705938252,723.63,447.64,29.37,73.12666666666667,1,real: flood extent + rasters + NASA POWER
Swat,2023,Khyber Pakhtunkhwa,0.7116018516883984,35.241750909642676,72.4626776877682,1.012899730365115,1.0157122341322635,25476.31233145003,7084.679955683125,34246.2958323818,639.4695805365366,381.49,237.77,19.42,75.19666666666667,0,real: flood extent + rasters + NASA POWER
Tank,2023,Khyber Pakhtunkhwa,0.25873105460052215,32.32967326728002,70.3468965201431,1.758861335154701,1.525597260290831,13502.27680871376,1986.4060752371686,16139.364781099708,173.65354197019948,154.41,116.87,32.23333333333333,49.63666666666666,0,real: flood extent + rasters + NASA POWER
Tor Ghar,2023,Khyber Pakhtunkhwa,5.012786654330976,34.559006838513056,72.83415425369034,1.0442655742251157,1.0947763519719276,42872.35223963789,20310.008477496536,45403.23929192654,1442.0290500124245,526.4300000000001,316.82,22.736666666666668,75.95666666666666,1,real: flood extent + rasters + NASA POWER
Upper Dir,2023,Khyber Pakhtunkhwa,0.0,35.2817385862661,72.03454741521071,1.00152818037965,1.0018810234569013,36060.19794190933,12202.3668430022,34373.17446235426,592.8810689316956,167.83,91.45,15.466666666666667,60.803333333333335,0,real: flood extent + rasters + NASA POWER
Attock,2023,Punjab,0.9253003645957859,33.48659321805251,72.30532796858091,1.0249717790218045,1.0325980188084225,31390.524410171125,11316.474132750249,38204.0141537525,753.3872008907363,614.74,344.09999999999997,29.14,73.68333333333334,0,real: flood extent + rasters + NASA POWER
Bahawalnagar,2023,Punjab,8.056879473333277,29.608456732425815,73.01730415645225,2.69696034906132,2.9913782509242512,8648.765232661926,424.97222667031116,12297.576079546729,1272.754771569956,153.48,122.14,33.82333333333333,51.44,1,real: flood extent + rasters + NASA POWER
Bahawalpur,2023,Punjab,0.639451971749659,28.827978616368263,71.72408116598207,2.1171766883170635,2.322581888573502,8804.701395197013,348.4555672639493,7849.451164331673,291.34456863678383,122.75999999999999,109.74,34.42666666666667,48.39666666666667,0,real: flood extent + rasters + NASA POWER
Bhakkar,2023,Punjab,0.9021230711391499,31.658584662865294,71.43247819685227,3.1341495063521796,3.439709127213039,14700.514373153146,2250.4234948077733,14959.73838185999,437.6299232269339,175.76000000000002,133.92000000000002,34.663333333333334,48.086666666666666,0,real: flood extent + rasters + NASA POWER
Chakwal,2023,Punjab,0.1431190331759122,32.89654761891756,72.53263403417543,1.006525325373695,1.007952660823447,29772.410442966004,9980.27528783669,37432.96842665905,377.9994438165181,508.54,289.23,29.883333333333336,69.69,0,real: flood extent + rasters + NASA POWER
Chiniot,2023,Punjab,5.713287608527844,31.664416134414626,72.82443973509143,3.556330491170406,3.5929313690988995,15240.22150899779,1800.6826106784097,23513.18644517052,1300.3948665862058,344.85,235.91,32.67,58.699999999999996,1,real: flood extent + rasters + NASA POWER
Dera Ghazi Khan,2023,Punjab,7.2246483491360936,30.411774797588915,70.44499976580747,2.1905469839810574,2.207548036037637,10722.137436980558,612.9200679650196,12711.697821154938,703.2283094926034,153.67000000000002,121.21000000000001,33.73666666666667,44.776666666666664,1,real: flood extent + rasters + NASA POWER
Faisalabad,2023,Punjab,2.7890537511893,31.237465049721152,73.1475503269012,3.274978545243548,3.3566504853127612,15136.260440675527,1312.0866946711599,23878.48418284978,1110.6957388113126,272.59,195.60999999999999,33.28666666666667,54.99333333333334,1,real: flood extent + rasters + NASA POWER
Gujranwala,2023,Punjab,9.20170331322409,32.13994751127013,74.0887882150182,2.7869521905779746,2.6899625692944116,26122.672991890697,9052.546878245634,45258.740344694845,1282.9050710020883,761.69,466.55,29.666666666666668,76.52666666666666,1,real: flood extent + rasters + NASA POWER
Gujrat,2023,Punjab,10.846902924379796,32.72332618030203,73.99340786254587,1.5555545460088784,1.8002446333508186,35668.58466522826,21789.450435094426,54899.03851036946,1871.679440864592,655.5899999999999,404.23999999999995,30.343333333333334,73.16333333333334,1,real: flood extent + rasters + NASA POWER
Hafizabad,2023,Punjab,8.62396127384009,32.02600424237065,73.5024315406946,3.2474298855234345,3.0637435647499176,20477.45256447776,3462.5751248902548,37814.65207061039,790.0125824013774,609.9399999999999,392.77,30.483333333333334,71.99,1,real: flood extent + rasters + NASA POWER
Jhang,2023,Punjab,6.330219842336371,31.175137807884294,72.17638580164252,3.640972901571329,3.7221334306219642,11016.571695439272,511.64225782742847,15837.207245491703,898.2584706198081,186.94,135.16,34.43666666666667,49.81999999999999,1,real: flood extent + rasters + NASA POWER
Jhelum,2023,Punjab,2.4256305247804053,32.83386897312157,73.29996733516478,1.7433472645168853,1.8247031435755177,34232.56591966566,14757.083920074356,49384.24585329197,1446.9520354914703,622.36,359.29,29.03,74.63,1,real: flood extent + rasters + NASA POWER
Kasur,2023,Punjab,8.329026381819178,31.053841961032706,74.15805095352512,3.0111065727689392,3.0271985605529528,19118.790116708326,4144.502410707633,31058.46210285884,989.5922240868367,608.38,356.81,30.45,71.21666666666667,1,real: flood extent + rasters + NASA POWER
Khanewal,2023,Punjab,3.218238204440782,30.36840225782132,72.01726211136999,2.586261003115079,2.7415390330473097,6270.95764303164,35.68914268957609,11066.318479904463,704.6150335118145,150.51999999999998,108.80999999999999,34.9,47.31333333333333,1,real: flood extent + rasters + NASA POWER
Khushab,2023,Punjab,3.991297666255601,32.187923424083074,72.10477995878527,2.4735018296155125,2.6954128127560866,20432.412248998582,3805.7070545914003,24044.62077118186,408.239490929128,247.26,173.6,33.669999999999995,52.876666666666665,1,real: flood extent + rasters + NASA POWER
Lahore,2023,Punjab,1.4169676948790937,31.465540538836553,74.35796853622799,2.853144452398758,2.7391519543702763,27007.975076521147,13073.601895044689,36649.14705590505,1812.9407478009155,711.96,433.69,29.956666666666667,74.57666666666667,1,real: flood extent + rasters + NASA POWER
Leiah,2023,Punjab,6.941555370200807,30.97715511705255,71.24767063239754,2.9960943508094724,3.2516175599889525,10006.655208441867,653.6786636302144,12209.113639868652,1053.1321584445955,155.69,114.7,35.04333333333333,46.17666666666667,1,real: flood extent + rasters + NASA POWER
Lodhran,2023,Punjab,0.17841055329282393,29.674646964271062,71.68792704017109,2.390323451873335,2.5083913904121085,6052.515771455679,39.08714562182684,9294.61190143775,512.5756936590645,116.89,99.51,34.89333333333333,46.44,0,real: flood extent + rasters + NASA POWER
Mandi Bahauddin,2023,Punjab,10.613153098295715,32.434586244233756,73.45356377101129,2.7310617442741054,2.630658612455196,26446.814734882206,9147.740252148118,48970.72139205681,1569.6604359795967,655.5899999999999,404.23999999999995,30.343333333333334,73.16333333333334,1,real: flood extent + rasters + NASA POWER
Mianwali,2023,Punjab,9.144814194161551,32.66976314660676,71.53192435800635,2.164124623985437,2.227237020722414,22881.739933906534,7941.434830307292,22671.253200386658,1613.3839775514843,210.58,143.22,33.123333333333335,54.11333333333334,1,real: flood extent + rasters + NASA POWER
Multan,2023,Punjab,4.886913470508194,29.938070900165894,71.40293701466476,2.7811027067691576,2.8495225539268265,5138.9506221323445,22.308527738052675,9790.980136269514,1151.0620383818973,124.8,94.55,35.49333333333333,44.53,1,real: flood extent + rasters + NASA POWER
Muzaffargarh,2023,Punjab,10.265941547650046,30.050680756287896,71.03855564933043,3.113505576611481,3.0688812649308814,6644.564332965409,207.45947439783444,10058.132319486494,1644.681819671188,124.8,94.55,35.49333333333333,44.53,1,real: flood extent + rasters + NASA POWER
Nankana Sahib,2023,Punjab,17.780208427877447,31.431506194728723,73.68457383123375,3.168026807106356,3.13448790467237,19257.861811078736,4257.472164057398,31391.846846512137,853.6032966154364,535.25,351.23,30.959999999999997,68.65666666666667,1,real: flood extent + rasters + NASA POWER
Narowal,2023,Punjab,5.989488673084987,32.206782671072176,74.99431729729326,1.4926020090674728,1.7750928849550165,38194.283060308866,27401.88697742105,47114.606732632645,771.5110723004439,898.02,483.59999999999997,29.19333333333333,79.04666666666667,1,real: flood extent + rasters + NASA POWER
Okara,2023,Punjab,11.982734708720109,30.70939256899169,73.68425888512623,3.136849842606869,3.319808071879965,12783.753949293261,1009.6488562754615,23478.98755997827,936.6419664753257,311.3,212.97,32.526666666666664,59.373333333333335,1,real: flood extent + rasters + NASA POWER
Pakpattan,2023,Punjab,14.15124679776946,30.30334554858408,73.24483902625967,3.4967596966536467,3.670562652449966,10191.700338981624,492.89250899473797,16614.678493966763,1168.671432609429,200.57,149.73,33.81333333333333,52.14333333333334,1,real: flood extent + rasters + NASA POWER
Rahim Yar Khan,2023,Punjab,3.0592022280544526,28.41216147766948,70.53180992171724,2.19631007648005,2.39349744390606,5993.721440501401,211.02244290906827,5983.878671533225,600.8375774474384,119.02,114.7,34.836666666666666,47.336666666666666,1,real: flood extent + rasters + NASA POWER
Rajanpur,2023,Punjab,7.969783056057212,29.161160324099622,70.03298554692928,2.645422812973751,2.694095232480125,8428.968697302258,388.6434020038312,8763.543322791738,645.2348955748772,161.49,151.59,33.79333333333333,48.94,1,real: flood extent + rasters + NASA POWER
Rawalpindi,2023,Punjab,0.42803001104624205,33.46178914805709,73.19904413433693,1.0029808064849388,1.0079374053542407,44082.18803262914,25673.122864390243,48528.61701259709,809.567033488174,732.6600000000001,426.87,28.356666666666666,75.7,0,real: flood extent + rasters + NASA POWER
Sahiwal,2023,Punjab,1.4189619510723925,30.547941707559175,72.89394604163624,2.7229798134007646,3.0123841440085144,9855.08332325935,653.2762610029698,15251.060208143019,753.6448206644176,200.57,149.73,33.81333333333333,52.14333333333334,1,real: flood extent + rasters + NASA POWER
Sargodha,2023,Punjab,2.148649427056427,32.101532304673036,72.74385301615182,3.1424635667871765,3.018836338907393,20099.265966171228,2938.4350656398196,29511.478194005515,1077.6768268985986,339.13,222.27,32.846666666666664,58.86333333333334,1,real: flood extent + rasters + NASA POWER
Sheikhupura,2023,Punjab,12.357573018428521,31.739609586511126,74.05601736703579,2.93061426599716,2.8230077022320517,25021.738467025567,7380.017667195458,37742.200535093005,1523.7425617311667,535.25,351.23,30.959999999999997,68.65666666666667,1,real: flood extent + rasters + NASA POWER
Sialkot,2023,Punjab,15.891474535337046,32.4097911127757,74.53324122688717,1.558968473496536,2.0712866390983984,35358.89377307271,22075.47116911877,57018.23118513715,1194.528666764192,756.1,446.40000000000003,29.656666666666666,76.52,1,real: flood extent + rasters + NASA POWER
Toba Tek Singh,2023,Punjab,2.412371071471495,30.877923558688018,72.54780564531306,3.3119902601706923,3.553070835435279,9873.916163562673,558.3470681512574,15678.695120486698,909.8954003539878,246.58999999999997,177.32,33.836666666666666,52.07,1,real: flood extent + rasters + NASA POWER
Vehari,2023,Punjab,3.935469558324877,30.010040809324735,72.40469759908709,2.565179048448651,2.7620841068086888,6603.337661394607,40.1737071740455,10873.75227789211,523.0411439128509,155.08,121.21000000000001,34.46333333333333,48.75,1,real: flood extent + rasters + NASA POWER
Badin,2023,Sindh,21.258319045448214,24.722529908064885,68.84135739885956,4.323660529696213,4.323581205968564,10335.468764508829,839.5107866181245,11986.608455817262,507.28256113543665,295.3,207.70000000000002,30.256666666666664,71.40333333333332,1,real: flood extent + rasters + NASA POWER
Central Karachi,2023,Sindh,0.0,24.948555946524635,67.05930121698898,3.3013832853025935,3.62285878962536,9496.353452449568,1705.0763804034582,10644.738916426513,2399.866074927954,101.95,91.14,28.80333333333333,77.83999999999999,0,real: flood extent + rasters + NASA POWER
Dadu,2023,Sindh,11.399170280574864,26.866781047386187,67.49722974175133,3.1763987893073424,3.173620090323588,4857.265601848925,103.84124801021744,7044.376366582615,687.9602642558202,239.12,232.5,34.17666666666667,48.21333333333333,1,real: flood extent + rasters + NASA POWER
East Karachi,2023,Sindh,0.0,24.935855776659423,67.13479460973282,2.6049100915569756,2.9779603844885743,9633.201747807088,1985.498259076894,10950.902276424531,475.4954221512085,101.95,91.14,28.80333333333333,77.83999999999999,0,real: flood extent + rasters + NASA POWER
Ghotki,2023,Sindh,16.20743396691415,27.827437569094737,69.65202097255516,3.1331413075357464,3.4532180478974746,4362.420523068348,10.639584965416388,4800.111808323904,250.20976972410486,125.54,124.0,35.166666666666664,47.126666666666665,1,real: flood extent + rasters + NASA POWER
Hyderabad,2023,Sindh,0.3242787178527552,25.33990709851298,68.45731388230709,3.5605761380001475,3.571176039219706,7170.658813215361,19.574022607674625,9163.38187672803,1265.486691521871,170.85,144.15,32.13,61.15,0,real: flood extent + rasters + NASA POWER
Jacobabad,2023,Sindh,69.404602772521,28.20682779438667,68.47687407452639,4.858211503646964,4.892846357635858,2994.4997811769563,0.0,4242.344942822734,211.0782372946195,152.76,150.35,35.223333333333336,47.77,1,real: flood extent + rasters + NASA POWER
Jamshoro,2023,Sindh,1.4652259910881786,25.73447545929718,67.79256554861017,2.0024272442030737,2.046554073719103,6937.971896537243,612.8573902388048,8316.085024712587,661.3187827382367,127.48,120.28,29.37,68.96333333333332,1,real: flood extent + rasters + NASA POWER
Kambar Shahdad Kot,2023,Sindh,21.823028438042513,27.635573468944084,67.71067282134987,3.9300078871597672,3.976304057927863,2435.207032432381,0.0,5472.691404642971,709.7133386759074,197.20999999999998,188.79,34.370000000000005,44.51333333333333,1,real: flood extent + rasters + NASA POWER
Kashmore,2023,Sindh,72.47023002771675,28.27455797088685,69.23118097941932,4.8222276073336685,4.860847920453907,3254.026896232368,3.9508280675207668,5148.543292697069,1450.1610124329427,143.53,140.43,34.830000000000005,47.47,1,real: flood extent + rasters + NASA POWER
Khairpur,2023,Sindh,2.752357612574161,26.8267108828757,69.08183587681832,3.1016354250041562,3.1546648652275007,7274.954057496567,521.9731864283307,5069.552586286192,258.4353932429318,158.22,152.21,33.71,53.416666666666664,1,real: flood extent + rasters + NASA POWER
Korangi Karachi,2023,Sindh,0.0,24.83859480449059,67.1424087642049,3.8049286261910846,3.707337908878505,8733.230806845966,2549.954968434113,11178.137921214997,1213.3965171041582,101.95,91.14,28.80333333333333,77.83999999999999,0,real: flood extent + rasters + NASA POWER
Larkana,2023,Sindh,30.963136312036948,27.522390750775614,68.19398058929207,4.967464986478525,4.964522034082794,2357.8060185086442,0.0,4544.8015391755025,1237.0508266963989,158.05999999999997,156.54999999999998,35.446666666666665,46.696666666666665,1,real: flood extent + rasters + NASA POWER
Malir Karachi,2023,Sindh,0.6366572343187925,25.120729610091576,67.28733925682226,2.1613264824345335,2.268018230638114,9180.555922998454,1445.1740805060815,10403.475732338651,1526.350720881257,128.73000000000002,112.53,29.743333333333336,70.48333333333333,0,real: flood extent + rasters + NASA POWER
Matiari,2023,Sindh,6.725670315365175,25.761477646027018,68.45381764915588,3.922023393540208,3.98085793908057,6622.151063783354,46.68254995373972,7177.375584724314,1508.4593820560879,169.01000000000002,152.21,33.11666666666667,56.53666666666667,1,real: flood extent + rasters + NASA POWER
Mirpur Khas,2023,Sindh,0.21363090494666365,25.339583412036912,69.16451998868895,3.9347194167883073,4.283401773277646,9714.467929290942,784.4451557727447,8939.162155557291,779.250105866211,218.2,170.5,31.856666666666666,62.92333333333334,0,real: flood extent + rasters + NASA POWER
Naushahro Feroze,2023,Sindh,20.683771537317423,26.878078761532688,68.1252686155392,4.210754191462895,4.243625633725172,5210.587889165055,205.8881759636665,5525.152901814737,1161.9102825292555,191.47,187.85999999999999,34.75,49.98333333333333,1,real: flood extent + rasters + NASA POWER
Sanghar,2023,Sindh,3.3845853932991132,25.958893335783934,69.29437264079192,2.8405783957453394,3.1194794106939487,9595.102234803813,552.9508500566293,6653.99922473473,455.49496711570015,198.61,167.71,32.666666666666664,59.080000000000005,1,real: flood extent + rasters + NASA POWER
Shaheed Benazir Abad,2023,Sindh,9.990221309668156,26.360214840171743,68.3324417055417,3.5067228973641034,3.5326041128276184,6723.1354539729555,187.50678612457557,6006.589851543768,627.2128696229671,189.12,180.42000000000002,33.876666666666665,53.53,1,real: flood extent + rasters + NASA POWER
Shikarpur,2023,Sindh,39.38098518671189,27.94775842273573,68.60561271726911,4.944028708511019,4.953821487132392,2381.8850166161196,5.543016338931923,3954.020045149115,883.4327054724222,152.76,150.35,35.223333333333336,47.77,1,real: flood extent + rasters + NASA POWER
South Karachi,2023,Sindh,0.09438729418091511,24.89553245531509,66.87376822769646,3.025045170890208,3.1245980317206064,8788.636204863844,2289.7711175896306,10301.201068917873,1540.9041876072333,101.95,91.14,28.80333333333333,77.83999999999999,0,real: flood extent + rasters + NASA POWER
Sujawal,2023,Sindh,8.958004116335529,24.24377598113204,68.1519770560001,3.592159800975451,4.403743252837746,9657.566531081975,2819.9220062966965,14842.721824298273,6549.800437022836,414.66,299.15000000000003,29.153333333333332,77.41666666666667,1,real: flood extent + rasters + NASA POWER
Sukkur,2023,Sindh,9.1840778843405,27.50244750578326,69.17658694876505,3.7877667311629963,3.8621482661041733,4487.970868399455,8.158807927579286,4357.960307678673,912.0273160281859,134.5,132.68,34.35,50.31333333333333,1,real: flood extent + rasters + NASA POWER
Tando Allahyar,2023,Sindh,1.0022904954798522,25.464212531444456,68.77609804355151,3.0164648718717912,3.1718321587472524,8222.52114374177,439.45259726044907,8423.823887918878,295.0440368433879,170.85,144.15,32.13,61.15,1,real: flood extent + rasters + NASA POWER
Tando Muhammad Khan,2023,Sindh,15.303854983809945,25.000046394866228,68.50123189201342,3.648887193705829,3.6977205246571723,8250.090623414488,194.79197543215258,11688.099855115443,190.0509168280465,212.45,159.65,31.209999999999997,66.14999999999999,1,real: flood extent + rasters + NASA POWER
Tharparkar,2023,Sindh,1.8236614931055068,24.77984324516659,70.17701799074051,1.5404163902657049,2.004149743858593,14693.381207770331,2540.8466834955652,10360.447399629951,253.44131823587557,274.31,196.85,30.666666666666668,68.25333333333333,1,real: flood extent + rasters + NASA POWER
Thatta,2023,Sindh,1.9641404855549167,24.73115462241266,67.7634463177139,3.417753296021201,3.444193744222182,8270.294792373868,1983.0229193114114,12026.498255845017,3419.6885016227197,183.92999999999998,149.73,29.493333333333336,74.30333333333334,1,real: flood extent + rasters + NASA POWER
Umer Kot,2023,Sindh,0.4247561684682781,25.382859397044335,69.77820790187879,2.546995927803588,2.819303187090382,10621.244969248071,904.7006575713918,8420.485324381767,346.7220606610851,236.25,180.73,31.403333333333336,64.53666666666666,0,real: flood extent + rasters + NASA POWER
West Karachi,2023,Sindh,0.0,24.998308382659086,67.01144574147219,2.969260394682113,3.214203626392248,9827.995778965693,2296.230745767412,10329.116987352303,730.2774359527367,101.95,91.14,28.80333333333333,77.83999999999999,0,real: flood extent + rasters + NASA POWER
Bagh,2024,Azad Kashmir,0.08427772149800522,33.991375639097264,73.74125084767641,1.000861919428958,1.0006632914896467,51407.336210517205,20006.007214740603,35232.03551934915,654.8726111844607,758.31,386.57,22.076666666666668,78.59,0,real: flood extent + rasters + NASA POWER
Bhimber,2024,Azad Kashmir,1.0932229351697087,33.01293817773945,74.13197583479408,1.0031980624838408,1.0168165243704288,42302.87475669945,29919.678210883452,54165.27515948101,762.6207248800924,752.6,378.2,28.71666666666667,72.41333333333334,1,real: flood extent + rasters + NASA POWER
Jhelum Valley,2024,Azad Kashmir,0.0,34.19834482707207,73.82148812104053,1.008064193925658,1.005344117203772,42238.68253874257,11824.407209341198,34487.880273824834,535.783664218624,758.31,386.57,22.076666666666668,78.59,0,real: flood extent + rasters + NASA POWER
Haveli,2024,Azad Kashmir,0.0,33.94107160074096,74.11257850138514,1.002877570495371,1.0040444997072986,53084.318117204755,16508.216260198387,35043.853151994954,1155.8288571756011,404.34999999999997,202.11999999999998,19.903333333333332,73.08333333333333,0,real: flood extent + rasters + NASA POWER
Kotli,2024,Azad Kashmir,0.3845595395500518,33.448672203937875,73.91039869121816,1.001172485414446,1.0032474005324468,49355.530209734556,29723.3149196978,51678.36919358984,508.2454769388913,935.07,431.52,27.766666666666666,70.99,0,real: flood extent + rasters + NASA POWER
Mirpur,2024,Azad Kashmir,10.143485603829596,33.235983684408914,73.73689138596919,1.194439550620075,1.3844577462505867,43065.40332989904,28363.31293383753,58446.9627419448,4101.490452579312,947.1600000000001,450.12,30.606666666666666,71.56666666666666,1,real: flood extent + rasters + NASA POWER
Muzaffarabad,2024,Azad Kashmir,0.1107982161649168,34.35001726234916,73.58669777252743,1.0093247572462836,1.0076643048898752,45745.366393973,17835.321731688895,33835.96162467299,1255.9347722783536,679.73,331.08,18.97,75.12666666666667,0,real: flood extent + rasters + NASA POWER
Neelum,2024,Azad Kashmir,0.06936906234035443,34.816919779001026,74.1885700976562,1.0133171045620124,1.0149912923922118,35528.542814054665,12145.566689153418,25959.168982469626,495.29051461317385,287.13000000000005,133.92000000000002,10.526666666666667,71.10333333333334,0,real: flood extent + rasters + NASA POWER
Poonch,2024,Azad Kashmir,0.09829845699773282,33.81860595364957,73.8307063617386,1.0006574689764884,1.0012504049851199,51775.34521028089,21742.073278409167,39319.43322134875,780.7117836488754,758.31,386.57,22.076666666666668,78.59,0,real: flood extent + rasters + NASA POWER
Sudhnoti,2024,Azad Kashmir,0.02493761192667465,33.703047393154165,73.74255956832253,1.0004206494606278,1.0007538481123355,53802.60582378109,28167.316751257797,44089.462708871826,297.21377516286327,935.07,431.52,27.766666666666666,70.99,0,real: flood extent + rasters + NASA POWER
Awaran,2024,Balochistan,0.5109722687356703,26.191952887011126,65.38130464285506,1.4493337914925044,1.5894928178556902,4107.439027761259,182.7407609047325,6082.81856144968,851.7334319476728,126.38,101.37,31.186666666666667,62.75,0,real: flood extent + rasters + NASA POWER
Barkhan,2024,Balochistan,0.010411318983062204,29.955021174777123,69.61371091203921,1.0135901452849319,1.0137531854010873,14815.896106251277,1491.487808896941,14031.944636510156,91.04181940435626,349.18,180.73,27.026666666666667,64.73333333333333,0,real: flood extent + rasters + NASA POWER
Chagai,2024,Balochistan,0.02525532679133119,28.976702370638424,63.28083224238819,2.449584223338467,2.783668911965598,1372.7917001592652,27.066709917725348,513.859705818391,1588.3406033189963,2.4800000000000004,2.1700000000000004,33.33,17.513333333333332,0,real: flood extent + rasters + NASA POWER
Dera Bugti,2024,Balochistan,0.16548557111687573,28.951805351433112,69.05246031270632,1.206051406192045,1.3209398858190071,7443.684495356372,186.15591708093763,7638.052801584019,218.24779051201858,355.81,244.9,32.27,59.93666666666667,0,real: flood extent + rasters + NASA POWER
Gwadar,2024,Balochistan,1.6637869433752344,25.40069092229933,63.12154757238087,4.021041370313116,4.202605485212579,2287.626913674117,447.79229882316434,3706.853776595504,925.0566094045912,17.57,11.47,31.856666666666666,63.919999999999995,1,real: flood extent + rasters + NASA POWER
Harnai,2024,Balochistan,0.0,30.132513355358192,67.8633915843766,1.0340533760114545,1.0162000234961837,12563.619604060652,826.6875737148679,9277.884243384315,328.54343102029645,330.84000000000003,177.01,28.03,60.64000000000001,0,real: flood extent + rasters + NASA POWER
Jaffarabad,2024,Balochistan,24.640904359371195,28.205231576744765,68.00589466694801,4.9578434666461595,4.9739182357684895,2861.3778995673397,0.0,4468.496179008997,279.6309041538447,335.36,314.96,35.27333333333333,54.13333333333333,1,real: flood extent + rasters + NASA POWER
Jhal Magsi,2024,Balochistan,4.61060773412509,28.403329314431073,67.52758676536988,4.190207158689016,4.187690437724201,3494.539267094167,0.0,4749.23735175739,178.31405586582497,326.96999999999997,250.17000000000002,33.56666666666667,52.629999999999995,1,real: flood extent + rasters + NASA POWER
Kachhi,2024,Balochistan,4.826972499113777,29.34486047684596,67.52716423837614,2.452818673013999,2.4839194522487165,5169.376019271973,16.45881810318504,6078.303441588059,346.4724094182762,321.38,189.72,30.893333333333334,54.31,1,real: flood extent + rasters + NASA POWER
Kalat,2024,Balochistan,0.0012039690758620654,29.098399087688644,66.72862663775425,1.0559366133995272,1.0309475715490277,4398.872010909146,486.7615780411188,5097.1793190570415,46.23563438138416,296.46,174.22,24.25,54.97333333333333,0,real: flood extent + rasters + NASA POWER
Kech,2024,Balochistan,0.28169183256531066,25.99792836430778,63.049613806723684,1.9698741996859155,2.328752001584563,2934.261891519183,219.39015941549698,3628.4650340256358,405.18081512245703,13.91,11.47,32.526666666666664,53.21,0,real: flood extent + rasters + NASA POWER
Kharan,2024,Balochistan,0.0,28.69413057069562,65.60132293769918,2.0312125268536003,2.2134138614179037,2364.284766151525,87.48051466040882,2709.846461867993,294.0209666831725,150.50000000000003,90.21000000000001,30.383333333333336,38.06,0,real: flood extent + rasters + NASA POWER
Khuzdar,2024,Balochistan,0.1552321672648414,27.453469718852638,66.64668161569884,1.0493425140030785,1.0483679803509527,5921.168455881765,436.3082361131074,6676.889454586748,191.11349041490521,313.59,279.93,28.293333333333333,58.11666666666667,0,real: flood extent + rasters + NASA POWER
Killa Abdullah,2024,Balochistan,0.03610774920727301,30.78064242133432,66.74678309985701,1.106639139532061,1.0888724959625677,8878.578355097712,1223.905787143532,6761.410524897469,129.8052187972914,88.63999999999999,64.78999999999999,25.44666666666667,34.07,0,real: flood extent + rasters + NASA POWER
Killa Saifullah,2024,Balochistan,0.1760609436560013,30.96696578738557,68.32053853286857,1.1047602485195034,1.1439538806355432,7018.838365679508,261.8779573820144,10642.423961913904,164.5987104143101,198.31,104.78,23.439999999999998,48.416666666666664,0,real: flood extent + rasters + NASA POWER
Kohlu,2024,Balochistan,0.006327526873162314,29.588636488737027,68.84299859934525,1.0502772905610873,1.0748642587476789,10600.371174792399,648.0248221150312,11305.891768633512,199.90733749071308,367.23,218.85999999999999,29.650000000000002,61.696666666666665,0,real: flood extent + rasters + NASA POWER
Lasbela,2024,Balochistan,0.6041710333966005,25.7967229800511,66.64526184631511,2.2935878760334942,2.343636792565265,6009.791359056728,297.3402075361381,7890.017976741726,511.6433504877243,331.53000000000003,284.27,29.73,73.02999999999999,0,real: flood extent + rasters + NASA POWER
Lehri,2024,Balochistan,13.260316924019916,29.007731649200903,68.01216690745781,4.451086889354611,4.4111733587211415,2949.204200718693,0.0,5519.984814655385,138.7699854103891,357.89000000000004,252.34000000000003,34.62,54.70666666666667,1,real: flood extent + rasters + NASA POWER
Loralai,2024,Balochistan,0.02867554289107166,30.4701050696752,68.77505347387337,1.024970624350219,1.031773823889939,8663.18667136959,298.07352426359927,12939.72826933443,50.16228261754755,254.97,135.16,26.05333333333333,56.94,0,real: flood extent + rasters + NASA POWER
Mastung,2024,Balochistan,0.0,29.72174951856186,66.74335494723883,1.1099851521685815,1.05794449769843,6173.517425223089,402.04986227362565,5729.6496591419145,0.0,248.46,144.15,24.400000000000002,51.38666666666666,0,real: flood extent + rasters + NASA POWER
Musakhel,2024,Balochistan,0.0040894497803926535,30.865251139547485,69.91872279764065,1.0191598589409032,1.0098776513070136,13895.72262609359,808.4704761994878,13886.622132301141,82.60512013971636,254.07000000000002,129.89000000000001,27.47,61.38,0,real: flood extent + rasters + NASA POWER
Nasirabad,2024,Balochistan,7.600760647587299,28.592161085401305,68.10769118101013,4.592200364926669,4.601202807598343,2380.2941300777,0.0,4409.385523786405,123.55730444047195,327.29,278.38,35.25666666666667,53.73666666666666,1,real: flood extent + rasters + NASA POWER
Nushki,2024,Balochistan,0.035463136207808686,29.453848883260804,65.7715479532314,3.13214838532394,2.8911774768195673,3657.114059855258,336.4914585127255,2713.2574857950685,1910.0294496786294,137.47,75.64,30.863333333333333,32.093333333333334,0,real: flood extent + rasters + NASA POWER
Panjgur,2024,Balochistan,0.2302830853675537,26.74165811309722,64.15804001241857,1.6725486215918484,1.9805644392357502,2498.1767672655137,4.751274422495323,3958.6702060196926,109.61228673211757,26.61,21.7,30.41333333333333,46.0,0,real: flood extent + rasters + NASA POWER
Pishin,2024,Balochistan,0.04952430527919992,30.735705073992072,67.14530378686344,1.2042749760400364,1.1403757950029279,9705.442376043371,1975.6189053367827,7319.7575612678775,117.64090061239709,111.25000000000001,78.12,25.643333333333334,39.12,0,real: flood extent + rasters + NASA POWER
Quetta,2024,Balochistan,0.04839424631786988,30.13329005766278,66.87756131847759,1.1158460960525005,1.0485065679611667,9372.646256042939,1096.0068982275127,6535.414865440327,118.43357023492293,170.41,106.64,25.040000000000003,46.45333333333334,0,real: flood extent + rasters + NASA POWER
Sherani,2024,Balochistan,0.5824670373673059,31.635605726562538,69.77473795138059,1.068077784436466,1.0551832526965006,11909.821992038876,860.4243430680019,12812.421577151385,196.95012066043228,229.5,124.93,27.663333333333338,60.193333333333335,0,real: flood extent + rasters + NASA POWER
Sibi,2024,Balochistan,0.1754887807184029,29.761125163334906,67.94481207056015,1.5684059232913674,1.6496064375162747,8588.953679708415,158.40053090099394,7954.46588503205,300.7355428237126,330.84000000000003,177.01,28.03,60.64000000000001,0,real: flood extent + rasters + NASA POWER
Sohbatpur,2024,Balochistan,53.89633616985371,28.506656088784716,68.61536229609497,4.574289063933071,4.661098985623987,3372.1943504386886,13.185310821576337,4844.538078312628,106.28466862860297,327.94,272.18,34.86333333333334,55.23,1,real: flood extent + rasters + NASA POWER
Washuk,2024,Balochistan,0.0,27.77998954061544,64.38912871076715,2.957128669839097,3.1177371765291944,1520.0023146120875,0.39692623343477185,2153.862080329068,533.0752316077275,23.22,15.81,34.31333333333333,26.16,0,real: flood extent + rasters + NASA POWER
Zhob,2024,Balochistan,0.15274628688954198,31.370693186830522,69.01852742985463,1.0566854591028683,1.0431950233536775,7743.05252812155,189.0445964932593,11790.902643584837,122.63078704814662,171.35999999999999,99.2,24.073333333333334,48.82,0,real: flood extent + rasters + NASA POWER
Ziarat,2024,Balochistan,0.0,30.392293987035497,67.87113356580669,1.0190338510963277,1.0046336553392476,10788.104203756233,884.9555085062723,9935.250324775998,83.20947380652635,258.69,129.57999999999998,23.256666666666664,57.36333333333334,0,real: flood extent + rasters + NASA POWER
Shaheed Sikandarabad,2024,Balochistan,0.0,28.318607887215936,66.18056516205029,1.0867495665825244,1.1421650732339061,3311.17223342237,251.121598214,4602.759666292073,175.02349019187076,239.41000000000003,145.39000000000001,24.756666666666664,50.46,0,real: flood extent + rasters + NASA POWER
Duki,2024,Balochistan,0.14305379728106218,30.162524954716595,69.00845506947206,1.155158740035967,1.1916398573766513,9634.325269285577,482.93049414136635,13467.313333136282,47.63209896517178,325.96,181.97,27.94666666666667,60.919999999999995,0,real: flood extent + rasters + NASA POWER
Chaman,2024,Balochistan,0.0,30.86180091160503,66.56102230547808,1.0035188114019755,1.0038390396984478,8463.43515846648,1212.5398042396612,6619.99109317415,3.5243065655960715,66.31,54.25,28.929999999999996,28.226666666666663,0,real: flood extent + rasters + NASA POWER
Astore,2024,Gilgit Baltistan,0.19091012783621025,35.143481442612924,74.88276464411585,1.0189837558154988,1.0159098294298738,15712.384206183746,3388.6314602747693,20036.622990022253,525.0367947849176,176.70000000000002,97.96000000000001,9.146666666666667,70.42333333333333,0,real: flood extent + rasters + NASA POWER
Diamir,2024,Gilgit Baltistan,0.25262189210454844,35.37759062783455,74.21620543824325,1.0308477861472145,1.0147356796534455,17326.99923237734,4559.154128070882,21150.813101243937,1083.897879147105,109.85,58.9,17.266666666666666,49.35333333333333,0,real: flood extent + rasters + NASA POWER
Ghanche,2024,Gilgit Baltistan,2.471343601258994,35.273439526001724,76.72144935756792,1.0325388592974287,1.1946496318572828,2992.4840226699507,297.01659214217057,13112.808282069343,437.32791668487164,72.44,36.58,-0.26000000000000006,71.51666666666667,1,real: flood extent + rasters + NASA POWER
Ghizer,2024,Gilgit Baltistan,0.8863544229631364,36.3930972676352,73.88504573214492,1.032492069114843,1.059697783410765,4886.509390767865,821.1824627678777,16112.571920800803,379.23902282200777,32.97,16.12,10.946666666666667,39.81333333333333,0,real: flood extent + rasters + NASA POWER
Gilgit,2024,Gilgit Baltistan,0.22903951138382742,35.91083962590362,74.41974501833097,1.0587689532717495,1.0600588496822843,7191.674753120957,2277.468299278359,16671.977510635457,577.069714510981,73.44,32.24,13.273333333333333,49.4,0,real: flood extent + rasters + NASA POWER
Hunza,2024,Gilgit Baltistan,1.524645868313862,36.58010207980785,75.11556455497768,1.0152952614266895,1.1256587946395145,3580.886308365972,455.6943506417773,16032.296687457741,420.8122593237596,50.300000000000004,23.25,6.023333333333333,52.166666666666664,1,real: flood extent + rasters + NASA POWER
Skardu,2024,Gilgit Baltistan,2.95072258142298,35.2368953958186,75.51427756333142,1.0475624101126986,1.0727741256662906,8570.585454284585,2436.4098801161035,18005.12582058637,1293.3630706811678,117.9,66.03,9.336666666666668,63.99666666666667,1,real: flood extent + rasters + NASA POWER
Nagar,2024,Gilgit Baltistan,0.8728439116688986,36.273671698854876,74.61986136073041,1.0253962903187954,1.102736690450454,3749.6680791341246,907.9776304256624,15235.18444308717,374.40622562795386,41.36,21.080000000000002,8.596666666666666,47.63999999999999,0,real: flood extent + rasters + NASA POWER
Kharmang,2024,Gilgit Baltistan,0.07027897986256891,34.84509401951076,75.78558752417007,1.0101598291509555,1.0138888563952202,14348.687230420755,2687.42125655757,18672.657348555815,581.6028616319697,117.9,66.03,9.336666666666668,63.99666666666667,0,real: flood extent + rasters + NASA POWER
Shigar,2024,Gilgit Baltistan,1.9680815366264621,35.77238086147538,75.77215367905112,1.0284139721242107,1.0863866009641276,3552.956049975199,751.0806532525392,15795.381240416173,460.03130042625537,70.46,37.199999999999996,2.216666666666667,65.53666666666668,1,real: flood extent + rasters + NASA POWER
Darel,2024,Gilgit Baltistan,0.04399059877985286,35.708262768379754,73.78302115057303,1.0195454068741272,1.004675434568077,19964.027166343745,5415.345903410862,20522.066346642918,1283.7511446080914,148.85,67.27,16.69333333333333,57.26333333333334,0,real: flood extent + rasters + NASA POWER
Tangir,2024,Gilgit Baltistan,0.0,35.742748008413116,73.34862157068389,1.0306154965786607,1.0348469548142056,18386.796100878913,4862.027969287612,22258.569418846004,346.6606210086169,184.63,85.25,14.483333333333334,64.61666666666666,0,real: flood extent + rasters + NASA POWER
Gupis-Yasin,2024,Gilgit Baltistan,0.3840639023738451,36.22367498748198,73.16809777356882,1.0243106369378217,1.0498081758805984,5527.524336885074,1252.1105436296834,19142.965926879453,423.8026988706616,69.91,30.07,9.026666666666666,50.00333333333333,0,real: flood extent + rasters + NASA POWER
Rondu,2024,Gilgit Baltistan,0.02427297094546146,35.570567711590435,75.14421559024287,1.0867481933985876,1.0868589404857811,6735.4907168627315,1384.844487674482,17880.802946758497,285.45817209084805,95.80000000000001,57.970000000000006,13.373333333333333,51.35,0,real: flood extent + rasters + NASA POWER
Islamabad,2024,Islamabad,0.44461053467127043,33.67168475617021,73.11826062310361,1.000055772256401,1.0127966343853174,48898.600391782886,26219.14221374545,46328.252255850064,1531.5793298378128,1355.9099999999999,675.49,29.343333333333334,73.18,0,real: flood extent + rasters + NASA POWER
Abbottabad,2024,Khyber Pakhtunkhwa,0.012689071488567199,34.10387582057843,73.27663305618196,1.0024169441697584,1.0011031007082691,55649.096844023596,33506.92797951234,39561.46820140674,875.4296630038647,1324.3300000000002,740.59,26.169999999999998,76.30666666666667,0,real: flood extent + rasters + NASA POWER
Bajaur,2024,Khyber Pakhtunkhwa,0.06774854718139953,34.75413692064879,71.50495718397396,1.0031726742254647,1.001094011715936,33099.771444108104,9348.650071334057,36080.710609724854,554.6745768910744,230.39000000000001,107.57000000000001,21.689999999999998,63.80666666666667,0,real: flood extent + rasters + NASA POWER
Bannu,2024,Khyber Pakhtunkhwa,0.7678983171289159,32.98347228404928,70.62615864773174,1.0947157381316734,1.0768403757265723,17651.29143149819,3440.755262411836,19119.646228402537,1180.94503127139,280.17,140.43,30.810000000000002,58.82666666666666,0,real: flood extent + rasters + NASA POWER
Batagram,2024,Khyber Pakhtunkhwa,0.16856405804231306,34.7874266123209,73.13779170612351,1.0036684949198538,1.0037114084633683,45687.09957658637,19466.967305192946,36861.022123362134,651.5712013339981,407.65000000000003,210.49,17.34,77.85666666666667,0,real: flood extent + rasters + NASA POWER
Buner,2024,Khyber Pakhtunkhwa,0.05877158672589678,34.46305043931335,72.5228237917978,1.0061118128990187,1.001127492031253,41683.83806072749,22105.53270157494,44415.04419679197,925.8234660269393,757.72,384.09000000000003,27.099999999999998,69.82333333333334,0,real: flood extent + rasters + NASA POWER
Charsadda,2024,Khyber Pakhtunkhwa,4.241821244634767,34.244277911234974,71.72017937161847,1.0478693886007295,1.0919478994788467,24547.221462361296,3643.287186734641,28725.165819453592,3001.209812256596,737.04,399.90000000000003,30.173333333333336,68.30666666666666,1,real: flood extent + rasters + NASA POWER
Chitral Lower,2024,Khyber Pakhtunkhwa,0.23168003804283857,35.885465760920624,71.74486685483927,1.0276737563672733,1.0235241439150995,14848.052112408837,1619.9961838729607,29146.03550857365,731.140713392613,67.7,29.45,9.886666666666668,55.27333333333333,0,real: flood extent + rasters + NASA POWER
Chitral Upper,2024,Khyber Pakhtunkhwa,0.6380327913475812,36.46198193283297,72.56398255578726,1.0180847432314948,1.0471935941505177,7751.7097441860515,1314.1951586477066,22402.473460549572,735.3454221715112,29.159999999999997,13.02,8.13,42.29,0,real: flood extent + rasters + NASA POWER
D. I. Khan,2024,Khyber Pakhtunkhwa,5.122912341006275,31.816377105422976,70.59780433426303,3.087746505958326,2.904486889201814,12608.968748706131,1951.6117932481204,13796.544480821452,908.0872284533916,300.95,131.44,33.79,57.026666666666664,1,real: flood extent + rasters + NASA POWER
Hangu,2024,Khyber Pakhtunkhwa,0.0,33.431592409943676,70.84799385922864,1.0020583998881116,1.0018209096737984,25082.311685699184,6473.79379492107,21281.86557236504,384.3478486928502,260.97,132.68,26.776666666666667,60.99333333333333,0,real: flood extent + rasters + NASA POWER
Haripur,2024,Khyber Pakhtunkhwa,5.622281767875186,34.00302130742728,72.9013724138452,1.0739402187482814,1.1564923157444276,44238.11165448062,17735.08597560937,50188.63814940699,3071.9763233398717,1324.3300000000002,740.59,26.169999999999998,76.30666666666667,1,real: flood extent + rasters + NASA POWER
Karak,2024,Khyber Pakhtunkhwa,0.11469508626705566,33.1385149373142,71.10857430672968,1.0811006323329257,1.0216617672029926,24788.640281448694,8911.629647833286,21331.771263708168,213.74843887062286,362.92,190.03,31.5,63.20666666666667,0,real: flood extent + rasters + NASA POWER
Khyber,2024,Khyber Pakhtunkhwa,0.3265420580537025,33.95956103454677,71.06721317397235,1.019332622620113,1.0144390590734067,26815.00052299587,4849.986289200881,26828.233406782758,1038.6631110621902,329.25,161.51,28.393333333333334,61.556666666666665,0,real: flood extent + rasters + NASA POWER
Kohat,2024,Khyber Pakhtunkhwa,0.7678151941038128,33.48372792433367,71.54659343111086,1.024270677159989,1.0310692949428915,28227.340951707578,5227.301757262089,27018.20014433966,727.9257147148605,357.66999999999996,180.10999999999999,29.37,64.53666666666668,0,real: flood extent + rasters + NASA POWER
Kohistan Lower,2024,Khyber Pakhtunkhwa,0.1805471544484122,35.16856304998793,72.91584807206976,1.0559828611620643,1.0182939932656279,22631.273082387146,7572.619513837294,33545.96108556731,2023.387307079892,407.65000000000003,210.49,17.34,77.85666666666667,0,real: flood extent + rasters + NASA POWER
Kohistan Upper,2024,Khyber Pakhtunkhwa,0.04453977655125619,35.41038651205106,73.27065935176876,1.0902696493831583,1.0425838363303783,18698.656270963522,4360.8083176257705,26252.749746212023,920.1467893486063,184.63,85.25,14.483333333333334,64.61666666666666,0,real: flood extent + rasters + NASA POWER
Kolai Palas Kohistan,2024,Khyber Pakhtunkhwa,0.1505179168659737,35.024345248306666,73.24542395934382,1.0377092840821378,1.0156059022024861,38033.82546733507,16283.222178544638,31895.79979347526,1464.0879937617874,407.65000000000003,210.49,17.34,77.85666666666667,0,real: flood extent + rasters + NASA POWER
Kurram,2024,Khyber Pakhtunkhwa,0.006897750423049873,33.70753985946702,70.32447776768292,1.007271774975252,1.0019072755377516,29770.490531597974,8122.381866019862,20788.91305652874,466.29502117230663,260.97,132.68,26.776666666666667,60.99333333333333,0,real: flood extent + rasters + NASA POWER
Lakki Marwat,2024,Khyber Pakhtunkhwa,0.29748059645351493,32.60062796449553,70.81059879826293,1.4119744988412486,1.2011465741327583,18408.061317074058,4882.671649281401,17120.018117750613,364.92187455953547,300.52000000000004,137.95000000000002,31.893333333333334,59.01,0,real: flood extent + rasters + NASA POWER
Lower Dir,2024,Khyber Pakhtunkhwa,0.8419158090388318,34.83942705979078,71.84883007253904,1.0023257336906222,1.0033510113407489,37650.46374226178,15455.438744342537,37741.55556985586,1011.091722258036,301.61999999999995,147.86999999999998,22.55333333333333,68.96,0,real: flood extent + rasters + NASA POWER
Malakand,2024,Khyber Pakhtunkhwa,0.4440025780718243,34.53853522235305,71.89389293831103,1.004158276775497,1.0042177579777474,33839.02488747576,14038.704441285632,36793.3164913661,1347.8341988524182,477.08000000000004,244.59,28.916666666666668,66.39333333333333,0,real: flood extent + rasters + NASA POWER
Mansehra,2024,Khyber Pakhtunkhwa,0.128518930813418,34.654764122196994,73.42663057213426,1.0051916484914563,1.007419906325064,43516.22722477216,20184.3526713434,33451.567271390115,790.6349853586551,676.25,359.59999999999997,23.583333333333332,73.54333333333334,0,real: flood extent + rasters + NASA POWER
Mardan,2024,Khyber Pakhtunkhwa,2.092267011323308,34.31594245910656,72.09740412049389,1.008275345991349,1.0367344901529725,31401.55300409583,12323.49417336983,35118.633141464095,2228.708123957185,477.08000000000004,244.59,28.916666666666668,66.39333333333333,1,real: flood extent + rasters + NASA POWER
Mohmand,2024,Khyber Pakhtunkhwa,0.10891877154946966,34.46547240768557,71.33887956593416,1.0108555317130778,1.0085550403164973,24063.339622599375,1698.198360045267,32584.16159626611,402.15015731413536,279.63,132.06,28.28333333333333,61.27333333333333,0,real: flood extent + rasters + NASA POWER
North Waziristan,2024,Khyber Pakhtunkhwa,0.023906335077418153,32.95351612953453,69.98472080617289,1.0084844066486478,1.0051448147831787,18406.749488160145,4135.638518974675,17697.561203855585,488.7603927453786,253.77,125.55,26.05333333333333,56.26,0,real: flood extent + rasters + NASA POWER
Nowshera,2024,Khyber Pakhtunkhwa,2.6247843527782293,33.92731059537648,71.98482855790424,1.0455413604028214,1.0604037919619065,28695.506063206314,5876.277475672941,28905.770843765808,1406.6212894697962,737.04,399.90000000000003,30.173333333333336,68.30666666666666,1,real: flood extent + rasters + NASA POWER
Orakzai,2024,Khyber Pakhtunkhwa,0.0,33.700349800047356,70.98977815698191,1.008822547548384,1.0000283918793729,31104.3632539475,9134.102248316292,24364.22434667767,528.5442576737067,357.66999999999996,180.10999999999999,29.37,64.53666666666668,0,real: flood extent + rasters + NASA POWER
Peshawar,2024,Khyber Pakhtunkhwa,0.8354613880670599,33.93045463463318,71.59522928788846,1.0356568712658583,1.0910947605033197,23202.298520235392,1994.5226619666646,27308.900054314792,2297.846420582515,737.04,399.90000000000003,30.173333333333336,68.30666666666666,0,real: flood extent + rasters + NASA POWER
Shangla,2024,Khyber Pakhtunkhwa,0.7438495495662424,34.849456941845645,72.73128658500633,1.0121805086505569,1.0079845240827567,34360.7649798354,13045.89572029684,44885.34457610632,1315.4132476474638,417.93,210.18,19.933333333333334,74.40666666666667,0,real: flood extent + rasters + NASA POWER
South Waziristan,2024,Khyber Pakhtunkhwa,0.3208837900215598,32.31444320617406,69.75081760741193,1.041010284809226,1.0378353026693818,14901.293924751233,1558.6319016456234,14824.547406505333,386.31681263126126,259.12,126.17000000000002,27.356666666666666,58.416666666666664,0,real: flood extent + rasters + NASA POWER
Swabi,2024,Khyber Pakhtunkhwa,7.958667034438858,34.13642650690444,72.45870097913712,1.0274975724753952,1.0531066095835604,38055.508605170486,15035.953730261592,46294.87676632992,1807.3906705938252,1281.95,713.62,30.203333333333333,71.38333333333333,1,real: flood extent + rasters + NASA POWER
Swat,2024,Khyber Pakhtunkhwa,0.7901077504596831,35.241750909642676,72.4626776877682,1.012899730365115,1.0157122341322635,25476.31233145003,7084.679955683125,34246.2958323818,639.4695805365366,417.93,210.18,19.933333333333334,74.40666666666667,0,real: flood extent + rasters + NASA POWER
Tank,2024,Khyber Pakhtunkhwa,0.698691129680222,32.32967326728002,70.3468965201431,1.758861335154701,1.525597260290831,13502.27680871376,1986.4060752371686,16139.364781099708,173.65354197019948,300.52000000000004,137.95000000000002,31.893333333333334,59.01,0,real: flood extent + rasters + NASA POWER
Tor Ghar,2024,Khyber Pakhtunkhwa,5.371211497530226,34.559006838513056,72.83415425369034,1.0442655742251157,1.0947763519719276,42872.35223963789,20310.008477496536,45403.23929192654,1442.0290500124245,676.25,359.59999999999997,23.583333333333332,73.54333333333334,1,real: flood extent + rasters + NASA POWER
Upper Dir,2024,Khyber Pakhtunkhwa,0.025006460384472084,35.2817385862661,72.03454741521071,1.00152818037965,1.0018810234569013,36060.19794190933,12202.3668430022,34373.17446235426,592.8810689316956,158.37,72.23,15.643333333333333,63.53666666666667,0,real: flood extent + rasters + NASA POWER
Attock,2024,Punjab,1.2719615855637034,33.48659321805251,72.30532796858091,1.0249717790218045,1.0325980188084225,31390.524410171125,11316.474132750249,38204.0141537525,753.3872008907363,1181.58,611.01,29.923333333333336,72.83999999999999,1,real: flood extent + rasters + NASA POWER
Bahawalnagar,2024,Punjab,4.865309051829221,29.608456732425815,73.01730415645225,2.69696034906132,2.9913782509242512,8648.765232661926,424.97222667031116,12297.576079546729,1272.754771569956,291.28,140.74,34.01333333333333,56.80666666666667,1,real: flood extent + rasters + NASA POWER
Bahawalpur,2024,Punjab,0.24814287481773425,28.827978616368263,71.72408116598207,2.1171766883170635,2.322581888573502,8804.701395197013,348.4555672639493,7849.451164331673,291.34456863678383,291.91,167.71,35.04333333333333,51.843333333333334,0,real: flood extent + rasters + NASA POWER
Bhakkar,2024,Punjab,1.1437192086322572,31.658584662865294,71.43247819685227,3.1341495063521796,3.439709127213039,14700.514373153146,2250.4234948077733,14959.73838185999,437.6299232269339,364.43,184.14000000000001,34.76333333333333,53.67666666666667,1,real: flood extent + rasters + NASA POWER
Chakwal,2024,Punjab,0.22374623641902694,32.89654761891756,72.53263403417543,1.006525325373695,1.007952660823447,29772.410442966004,9980.27528783669,37432.96842665905,377.9994438165181,807.3199999999999,423.46,30.290000000000003,71.76333333333334,0,real: flood extent + rasters + NASA POWER
Chiniot,2024,Punjab,7.131342784888376,31.664416134414626,72.82443973509143,3.556330491170406,3.5929313690988995,15240.22150899779,1800.6826106784097,23513.18644517052,1300.3948665862058,475.60999999999996,240.86999999999998,32.86666666666667,62.49666666666667,1,real: flood extent + rasters + NASA POWER
Dera Ghazi Khan,2024,Punjab,5.842270824967945,30.411774797588915,70.44499976580747,2.1905469839810574,2.207548036037637,10722.137436980558,612.9200679650196,12711.697821154938,703.2283094926034,352.58,218.54999999999998,33.12,56.70333333333334,1,real: flood extent + rasters + NASA POWER
Faisalabad,2024,Punjab,2.6471952384569986,31.237465049721152,73.1475503269012,3.274978545243548,3.3566504853127612,15136.260440675527,1312.0866946711599,23878.48418284978,1110.6957388113126,419.46000000000004,212.66,33.38333333333333,59.68666666666667,1,real: flood extent + rasters + NASA POWER
Gujranwala,2024,Punjab,15.085627292729264,32.13994751127013,74.0887882150182,2.7869521905779746,2.6899625692944116,26122.672991890697,9052.546878245634,45258.740344694845,1282.9050710020883,778.4499999999999,393.7,31.060000000000002,72.88666666666667,1,real: flood extent + rasters + NASA POWER
Gujrat,2024,Punjab,15.639839204045503,32.72332618030203,73.99340786254587,1.5555545460088784,1.8002446333508186,35668.58466522826,21789.450435094426,54899.03851036946,1871.679440864592,824.15,409.82,31.330000000000002,71.62333333333333,1,real: flood extent + rasters + NASA POWER
Hafizabad,2024,Punjab,10.037003493980755,32.02600424237065,73.5024315406946,3.2474298855234345,3.0637435647499176,20477.45256447776,3462.5751248902548,37814.65207061039,790.0125824013774,726.63,366.11,31.423333333333336,71.28333333333335,1,real: flood extent + rasters + NASA POWER
Jhang,2024,Punjab,5.556984675117193,31.175137807884294,72.17638580164252,3.640972901571329,3.7221334306219642,11016.571695439272,511.64225782742847,15837.207245491703,898.2584706198081,407.01000000000005,252.34000000000003,33.93333333333333,59.01666666666666,1,real: flood extent + rasters + NASA POWER
Jhelum,2024,Punjab,3.3476087976617186,32.83386897312157,73.29996733516478,1.7433472645168853,1.8247031435755177,34232.56591966566,14757.083920074356,49384.24585329197,1446.9520354914703,1022.3399999999999,494.45,29.919999999999998,73.33999999999999,1,real: flood extent + rasters + NASA POWER
Kasur,2024,Punjab,2.1657469161359115,31.053841961032706,74.15805095352512,3.0111065727689392,3.0271985605529528,19118.790116708326,4144.502410707633,31058.46210285884,989.5922240868367,561.64,275.59000000000003,31.973333333333333,67.21333333333332,1,real: flood extent + rasters + NASA POWER
Khanewal,2024,Punjab,2.1837998194285397,30.36840225782132,72.01726211136999,2.586261003115079,2.7415390330473097,6270.95764303164,35.68914268957609,11066.318479904463,704.6150335118145,378.85999999999996,251.40999999999997,34.06333333333333,59.01666666666667,1,real: flood extent + rasters + NASA POWER
Khushab,2024,Punjab,2.3037865211123334,32.187923424083074,72.10477995878527,2.4735018296155125,2.6954128127560866,20432.412248998582,3805.7070545914003,24044.62077118186,408.239490929128,416.48,208.63000000000002,33.77333333333333,57.39333333333334,1,real: flood extent + rasters + NASA POWER
Lahore,2024,Punjab,2.0873109936621406,31.465540538836553,74.35796853622799,2.853144452398758,2.7391519543702763,27007.975076521147,13073.601895044689,36649.14705590505,1812.9407478009155,682.5600000000001,345.03000000000003,31.486666666666668,70.32666666666667,1,real: flood extent + rasters + NASA POWER
Leiah,2024,Punjab,7.059504356929757,30.97715511705255,71.24767063239754,2.9960943508094724,3.2516175599889525,10006.655208441867,653.6786636302144,12209.113639868652,1053.1321584445955,373.01,227.54,34.79,53.99,1,real: flood extent + rasters + NASA POWER
Lodhran,2024,Punjab,1.6252585213682724,29.674646964271062,71.68792704017109,2.390323451873335,2.5083913904121085,6052.515771455679,39.08714562182684,9294.61190143775,512.5756936590645,307.46,183.21,34.589999999999996,55.43333333333334,1,real: flood extent + rasters + NASA POWER
Mandi Bahauddin,2024,Punjab,11.830993560901483,32.434586244233756,73.45356377101129,2.7310617442741054,2.630658612455196,26446.814734882206,9147.740252148118,48970.72139205681,1569.6604359795967,824.15,409.82,31.330000000000002,71.62333333333333,1,real: flood extent + rasters + NASA POWER
Mianwali,2024,Punjab,11.320207294105797,32.66976314660676,71.53192435800635,2.164124623985437,2.227237020722414,22881.739933906534,7941.434830307292,22671.253200386658,1613.3839775514843,362.81,177.01,33.01,60.673333333333325,1,real: flood extent + rasters + NASA POWER
Multan,2024,Punjab,3.213085053835754,29.938070900165894,71.40293701466476,2.7811027067691576,2.8495225539268265,5138.9506221323445,22.308527738052675,9790.980136269514,1151.0620383818973,354.74,247.69,34.483333333333334,57.49333333333333,1,real: flood extent + rasters + NASA POWER
Muzaffargarh,2024,Punjab,12.770628119102224,30.050680756287896,71.03855564933043,3.113505576611481,3.0688812649308814,6644.564332965409,207.45947439783444,10058.132319486494,1644.681819671188,354.74,247.69,34.483333333333334,57.49333333333333,1,real: flood extent + rasters + NASA POWER
Nankana Sahib,2024,Punjab,18.69025427205207,31.431506194728723,73.68457383123375,3.168026807106356,3.13448790467237,19257.861811078736,4257.472164057398,31391.846846512137,853.6032966154364,625.1,314.65000000000003,31.89,68.25,1,real: flood extent + rasters + NASA POWER
Narowal,2024,Punjab,28.067104903066276,32.206782671072176,74.99431729729326,1.4926020090674728,1.7750928849550165,38194.283060308866,27401.88697742105,47114.606732632645,771.5110723004439,793.84,390.90999999999997,30.71666666666667,74.04333333333334,1,real: flood extent + rasters + NASA POWER
Okara,2024,Punjab,1.5929704137577216,30.70939256899169,73.68425888512623,3.136849842606869,3.319808071879965,12783.753949293261,1009.6488562754615,23478.98755997827,936.6419664753257,392.53999999999996,183.52,33.04,61.78666666666666,1,real: flood extent + rasters + NASA POWER
Pakpattan,2024,Punjab,0.7576347408145129,30.30334554858408,73.24483902625967,3.4967596966536467,3.670562652449966,10191.700338981624,492.89250899473797,16614.678493966763,1168.671432609429,357.05,178.56,33.79333333333333,57.81333333333333,0,real: flood extent + rasters + NASA POWER
Rahim Yar Khan,2024,Punjab,3.549485094888339,28.41216147766948,70.53180992171724,2.19631007648005,2.39349744390606,5993.721440501401,211.02244290906827,5983.878671533225,600.8375774474384,286.87,214.82999999999998,34.99333333333333,53.88,1,real: flood extent + rasters + NASA POWER
Rajanpur,2024,Punjab,8.12031584122352,29.161160324099622,70.03298554692928,2.645422812973751,2.694095232480125,8428.968697302258,388.6434020038312,8763.543322791738,645.2348955748772,320.88,226.60999999999999,33.61333333333334,58.36333333333334,1,real: flood extent + rasters + NASA POWER
Rawalpindi,2024,Punjab,0.9122925007297645,33.46178914805709,73.19904413433693,1.0029808064849388,1.0079374053542407,44082.18803262914,25673.122864390243,48528.61701259709,809.567033488174,1355.9099999999999,675.49,29.343333333333334,73.18,0,real: flood extent + rasters + NASA POWER
Sahiwal,2024,Punjab,0.8076028675354495,30.547941707559175,72.89394604163624,2.7229798134007646,3.0123841440085144,9855.08332325935,653.2762610029698,15251.060208143019,753.6448206644176,357.05,178.56,33.79333333333333,57.81333333333333,0,real: flood extent + rasters + NASA POWER
Sargodha,2024,Punjab,2.503383675072044,32.101532304673036,72.74385301615182,3.1424635667871765,3.018836338907393,20099.265966171228,2938.4350656398196,29511.478194005515,1077.6768268985986,492.83000000000004,252.03000000000003,32.93333333333333,63.07333333333333,1,real: flood extent + rasters + NASA POWER
Sheikhupura,2024,Punjab,20.36666993481822,31.739609586511126,74.05601736703579,2.93061426599716,2.8230077022320517,25021.738467025567,7380.017667195458,37742.200535093005,1523.7425617311667,625.1,314.65000000000003,31.89,68.25,1,real: flood extent + rasters + NASA POWER
Sialkot,2024,Punjab,37.09715226553654,32.4097911127757,74.53324122688717,1.558968473496536,2.0712866390983984,35358.89377307271,22075.47116911877,57018.23118513715,1194.528666764192,822.97,414.15999999999997,30.939999999999998,72.98333333333333,1,real: flood extent + rasters + NASA POWER
Toba Tek Singh,2024,Punjab,1.552667036622504,30.877923558688018,72.54780564531306,3.3119902601706923,3.553070835435279,9873.916163562673,558.3470681512574,15678.695120486698,909.8954003539878,423.09000000000003,232.19,33.72,58.56333333333333,1,real: flood extent + rasters + NASA POWER
Vehari,2024,Punjab,0.2764265838109574,30.010040809324735,72.40469759908709,2.565179048448651,2.7620841068086888,6603.337661394607,40.1737071740455,10873.75227789211,523.0411439128509,319.84,163.36999999999998,34.026666666666664,58.10999999999999,0,real: flood extent + rasters + NASA POWER
Badin,2024,Sindh,17.98826133407077,24.722529908064885,68.84135739885956,4.323660529696213,4.323581205968564,10335.468764508829,839.5107866181245,11986.608455817262,507.28256113543665,374.19999999999993,276.52,30.99666666666667,71.77666666666666,1,real: flood extent + rasters + NASA POWER
Central Karachi,2024,Sindh,0.0,24.948555946524635,67.05930121698898,3.3013832853025935,3.62285878962536,9496.353452449568,1705.0763804034582,10644.738916426513,2399.866074927954,288.55,198.4,29.486666666666668,80.13333333333333,0,real: flood extent + rasters + NASA POWER
Dadu,2024,Sindh,12.548270311560456,26.866781047386187,67.49722974175133,3.1763987893073424,3.173620090323588,4857.265601848925,103.84124801021744,7044.376366582615,687.9602642558202,490.77,460.34999999999997,34.056666666666665,54.92666666666667,1,real: flood extent + rasters + NASA POWER
East Karachi,2024,Sindh,0.0,24.935855776659423,67.13479460973282,2.6049100915569756,2.9779603844885743,9633.201747807088,1985.498259076894,10950.902276424531,475.4954221512085,288.55,198.4,29.486666666666668,80.13333333333333,0,real: flood extent + rasters + NASA POWER
Ghotki,2024,Sindh,10.91503663235124,27.827437569094737,69.65202097255516,3.1331413075357464,3.4532180478974746,4362.420523068348,10.639584965416388,4800.111808323904,250.20976972410486,317.63000000000005,289.23,34.843333333333334,55.89333333333334,1,real: flood extent + rasters + NASA POWER
Hyderabad,2024,Sindh,7.599864203672908,25.33990709851298,68.45731388230709,3.5605761380001475,3.571176039219706,7170.658813215361,19.574022607674625,9163.38187672803,1265.486691521871,274.42,217.31,32.50666666666667,64.83,1,real: flood extent + rasters + NASA POWER
Jacobabad,2024,Sindh,69.69009985199864,28.20682779438667,68.47687407452639,4.858211503646964,4.892846357635858,2994.4997811769563,0.0,4242.344942822734,211.0782372946195,341.87,317.44,34.589999999999996,58.51,1,real: flood extent + rasters + NASA POWER
Jamshoro,2024,Sindh,2.1486252053281674,25.73447545929718,67.79256554861017,2.0024272442030737,2.046554073719103,6937.971896537243,612.8573902388048,8316.085024712587,661.3187827382367,263.07,214.52,29.8,73.2,1,real: flood extent + rasters + NASA POWER
Kambar Shahdad Kot,2024,Sindh,41.27320461365163,27.635573468944084,67.71067282134987,3.9300078871597672,3.976304057927863,2435.207032432381,0.0,5472.691404642971,709.7133386759074,413.37,386.57,33.86333333333334,53.663333333333334,1,real: flood extent + rasters + NASA POWER
Kashmore,2024,Sindh,52.31630589110788,28.27455797088685,69.23118097941932,4.8222276073336685,4.860847920453907,3254.026896232368,3.9508280675207668,5148.543292697069,1450.1610124329427,308.95,261.33,34.61333333333334,56.68333333333334,1,real: flood extent + rasters + NASA POWER
Khairpur,2024,Sindh,4.850773040109214,26.8267108828757,69.08183587681832,3.1016354250041562,3.1546648652275007,7274.954057496567,521.9731864283307,5069.552586286192,258.4353932429318,371.62,327.05,34.1,57.39333333333334,1,real: flood extent + rasters + NASA POWER
Korangi Karachi,2024,Sindh,1.224158746488445,24.83859480449059,67.1424087642049,3.8049286261910846,3.707337908878505,8733.230806845966,2549.954968434113,11178.137921214997,1213.3965171041582,288.55,198.4,29.486666666666668,80.13333333333333,1,real: flood extent + rasters + NASA POWER
Larkana,2024,Sindh,60.58676705750782,27.522390750775614,68.19398058929207,4.967464986478525,4.964522034082794,2357.8060185086442,0.0,4544.8015391755025,1237.0508266963989,385.50999999999993,369.21,34.76,56.74333333333333,1,real: flood extent + rasters + NASA POWER
Malir Karachi,2024,Sindh,3.7494814509819405,25.120729610091576,67.28733925682226,2.1613264824345335,2.268018230638114,9180.555922998454,1445.1740805060815,10403.475732338651,1526.350720881257,254.73,192.82,30.176666666666666,74.14999999999999,1,real: flood extent + rasters + NASA POWER
Matiari,2024,Sindh,21.322652042220227,25.761477646027018,68.45381764915588,3.922023393540208,3.98085793908057,6622.151063783354,46.68254995373972,7177.375584724314,1508.4593820560879,306.66999999999996,255.75,33.07666666666667,62.82666666666666,1,real: flood extent + rasters + NASA POWER
Mirpur Khas,2024,Sindh,1.9884217748863835,25.339583412036912,69.16451998868895,3.9347194167883073,4.283401773277646,9714.467929290942,784.4451557727447,8939.162155557291,779.250105866211,327.39,232.5,32.38333333333333,65.22333333333334,1,real: flood extent + rasters + NASA POWER
Naushahro Feroze,2024,Sindh,25.398259657888456,26.878078761532688,68.1252686155392,4.210754191462895,4.243625633725172,5210.587889165055,205.8881759636665,5525.152901814737,1161.9102825292555,430.35,403.93,34.24,59.029999999999994,1,real: flood extent + rasters + NASA POWER
Sanghar,2024,Sindh,6.218414303150531,25.958893335783934,69.29437264079192,2.8405783957453394,3.1194794106939487,9595.102234803813,552.9508500566293,6653.99922473473,455.49496711570015,338.34,255.75,33.06333333333333,62.19,1,real: flood extent + rasters + NASA POWER
Shaheed Benazir Abad,2024,Sindh,17.959469016575746,26.360214840171743,68.3324417055417,3.5067228973641034,3.5326041128276184,6723.1354539729555,187.50678612457557,6006.589851543768,627.2128696229671,385.70000000000005,347.51000000000005,33.666666666666664,60.96,1,real: flood extent + rasters + NASA POWER
Shikarpur,2024,Sindh,53.73344324063143,27.94775842273573,68.60561271726911,4.944028708511019,4.953821487132392,2381.8850166161196,5.543016338931923,3954.020045149115,883.4327054724222,341.87,317.44,34.589999999999996,58.51,1,real: flood extent + rasters + NASA POWER
South Karachi,2024,Sindh,1.1064193495220591,24.89553245531509,66.87376822769646,3.025045170890208,3.1245980317206064,8788.636204863844,2289.7711175896306,10301.201068917873,1540.9041876072333,288.55,198.4,29.486666666666668,80.13333333333333,1,real: flood extent + rasters + NASA POWER
Sujawal,2024,Sindh,20.540753908304314,24.24377598113204,68.1519770560001,3.592159800975451,4.403743252837746,9657.566531081975,2819.9220062966965,14842.721824298273,6549.800437022836,578.5400000000001,404.55,29.833333333333332,78.13,1,real: flood extent + rasters + NASA POWER
Sukkur,2024,Sindh,13.082440575468556,27.50244750578326,69.17658694876505,3.7877667311629963,3.8621482661041733,4487.970868399455,8.158807927579286,4357.960307678673,912.0273160281859,350.68,320.23,34.71,54.803333333333335,1,real: flood extent + rasters + NASA POWER
Tando Allahyar,2024,Sindh,2.952816156396512,25.464212531444456,68.77609804355151,3.0164648718717912,3.1718321587472524,8222.52114374177,439.45259726044907,8423.823887918878,295.0440368433879,274.42,217.31,32.50666666666667,64.83,1,real: flood extent + rasters + NASA POWER
Tando Muhammad Khan,2024,Sindh,14.261251530721944,25.000046394866228,68.50123189201342,3.648887193705829,3.6977205246571723,8250.090623414488,194.79197543215258,11688.099855115443,190.0509168280465,288.32000000000005,222.89000000000001,31.753333333333334,68.20666666666666,1,real: flood extent + rasters + NASA POWER
Tharparkar,2024,Sindh,0.8802146756824021,24.77984324516659,70.17701799074051,1.5404163902657049,2.004149743858593,14693.381207770331,2540.8466834955652,10360.447399629951,253.44131823587557,412.69,252.03000000000003,31.459999999999997,67.97,0,real: flood extent + rasters + NASA POWER
Thatta,2024,Sindh,8.36872682247358,24.73115462241266,67.7634463177139,3.417753296021201,3.444193744222182,8270.294792373868,1983.0229193114114,12026.498255845017,3419.6885016227197,332.84000000000003,241.18,29.959999999999997,77.21333333333332,1,real: flood extent + rasters + NASA POWER
Umer Kot,2024,Sindh,0.06637939913816622,25.382859397044335,69.77820790187879,2.546995927803588,2.819303187090382,10621.244969248071,904.7006575713918,8420.485324381767,346.7220606610851,383.37,236.84,32.18666666666667,64.87,0,real: flood extent + rasters + NASA POWER
West Karachi,2024,Sindh,0.0,24.998308382659086,67.01144574147219,2.969260394682113,3.214203626392248,9827.995778965693,2296.230745767412,10329.116987352303,730.2774359527367,288.55,198.4,29.486666666666668,80.13333333333333,0,real: flood extent + rasters + NASA POWER
Bagh,2025,Azad Kashmir,0.0,33.991375639097264,73.74125084767641,1.000861919428958,1.0006632914896467,51407.336210517205,20006.007214740603,35232.03551934915,654.8726111844607,676.87,326.12,21.316666666666666,84.38666666666667,0,real: flood extent + rasters + NASA POWER
Bhimber,2025,Azad Kashmir,0.0,33.01293817773945,74.13197583479408,1.0031980624838408,1.0168165243704288,42302.87475669945,29919.678210883452,54165.27515948101,762.6207248800924,1062.1100000000001,512.74,27.290000000000003,79.62333333333333,0,real: flood extent + rasters + NASA POWER
Jhelum Valley,2025,Azad Kashmir,0.0,34.19834482707207,73.82148812104053,1.008064193925658,1.005344117203772,42238.68253874257,11824.407209341198,34487.880273824834,535.783664218624,676.87,326.12,21.316666666666666,84.38666666666667,0,real: flood extent + rasters + NASA POWER
Haveli,2025,Azad Kashmir,0.0,33.94107160074096,74.11257850138514,1.002877570495371,1.0040444997072986,53084.318117204755,16508.216260198387,35043.853151994954,1155.8288571756011,483.41,213.59,19.38,78.83666666666666,0,real: flood extent + rasters + NASA POWER
Kotli,2025,Azad Kashmir,0.05573648526452739,33.448672203937875,73.91039869121816,1.001172485414446,1.0032474005324468,49355.530209734556,29723.3149196978,51678.36919358984,508.2454769388913,933.26,418.19,26.583333333333332,77.45,0,real: flood extent + rasters + NASA POWER
Mirpur,2025,Azad Kashmir,9.07681856384098,33.235983684408914,73.73689138596919,1.194439550620075,1.3844577462505867,43065.40332989904,28363.31293383753,58446.9627419448,4101.490452579312,1046.94,471.82,29.040000000000003,78.97333333333334,1,real: flood extent + rasters + NASA POWER
Muzaffarabad,2025,Azad Kashmir,0.0,34.35001726234916,73.58669777252743,1.0093247572462836,1.0076643048898752,45745.366393973,17835.321731688895,33835.96162467299,1255.9347722783536,553.0999999999999,248.92999999999998,18.796666666666667,79.73,0,real: flood extent + rasters + NASA POWER
Neelum,2025,Azad Kashmir,0.01839017698536365,34.816919779001026,74.1885700976562,1.0133171045620124,1.0149912923922118,35528.542814054665,12145.566689153418,25959.168982469626,495.29051461317385,219.51999999999998,92.38,11.076666666666668,72.37666666666667,0,real: flood extent + rasters + NASA POWER
Poonch,2025,Azad Kashmir,0.0,33.81860595364957,73.8307063617386,1.0006574689764884,1.0012504049851199,51775.34521028089,21742.073278409167,39319.43322134875,780.7117836488754,676.87,326.12,21.316666666666666,84.38666666666667,0,real: flood extent + rasters + NASA POWER
Sudhnoti,2025,Azad Kashmir,0.0,33.703047393154165,73.74255956832253,1.0004206494606278,1.0007538481123355,53802.60582378109,28167.316751257797,44089.462708871826,297.21377516286327,933.26,418.19,26.583333333333332,77.45,0,real: flood extent + rasters + NASA POWER
Awaran,2025,Balochistan,0.23413529698258898,26.191952887011126,65.38130464285506,1.4493337914925044,1.5894928178556902,4107.439027761259,182.7407609047325,6082.81856144968,851.7334319476728,137.59,66.03,30.016666666666666,64.54666666666667,0,real: flood extent + rasters + NASA POWER
Barkhan,2025,Balochistan,0.0,29.955021174777123,69.61371091203921,1.0135901452849319,1.0137531854010873,14815.896106251277,1491.487808896941,14031.944636510156,91.04181940435626,184.41,121.83,27.576666666666668,56.120000000000005,0,real: flood extent + rasters + NASA POWER
Chagai,2025,Balochistan,0.0,28.976702370638424,63.28083224238819,2.449584223338467,2.783668911965598,1372.7917001592652,27.066709917725348,513.859705818391,1588.3406033189963,0.31,0.31,33.02,14.003333333333332,0,real: flood extent + rasters + NASA POWER
Dera Bugti,2025,Balochistan,0.06647993187629961,28.951805351433112,69.05246031270632,1.206051406192045,1.3209398858190071,7443.684495356372,186.15591708093763,7638.052801584019,218.24779051201858,132.38,95.78999999999999,33.01333333333333,49.78,0,real: flood extent + rasters + NASA POWER
Gwadar,2025,Balochistan,0.973687673094316,25.40069092229933,63.12154757238087,4.021041370313116,4.202605485212579,2287.626913674117,447.79229882316434,3706.853776595504,925.0566094045912,14.29,8.4,30.83666666666667,64.30333333333333,0,real: flood extent + rasters + NASA POWER
Harnai,2025,Balochistan,0.0,30.132513355358192,67.8633915843766,1.0340533760114545,1.0162000234961837,12563.619604060652,826.6875737148679,9277.884243384315,328.54343102029645,174.85000000000002,123.69000000000001,28.626666666666665,51.11333333333334,0,real: flood extent + rasters + NASA POWER
Jaffarabad,2025,Balochistan,0.08060663197904128,28.205231576744765,68.00589466694801,4.9578434666461595,4.9739182357684895,2861.3778995673397,0.0,4468.496179008997,279.6309041538447,82.89,36.58,36.330000000000005,43.42666666666667,0,real: flood extent + rasters + NASA POWER
Jhal Magsi,2025,Balochistan,0.0,28.403329314431073,67.52758676536988,4.190207158689016,4.187690437724201,3494.539267094167,0.0,4749.23735175739,178.31405586582497,135.76000000000002,91.76,34.63,42.36666666666667,0,real: flood extent + rasters + NASA POWER
Kachhi,2025,Balochistan,0.34690468280891035,29.34486047684596,67.52716423837614,2.452818673013999,2.4839194522487165,5169.376019271973,16.45881810318504,6078.303441588059,346.4724094182762,139.24,99.51,31.766666666666666,43.49,0,real: flood extent + rasters + NASA POWER
Kalat,2025,Balochistan,0.0,29.098399087688644,66.72862663775425,1.0559366133995272,1.0309475715490277,4398.872010909146,486.7615780411188,5097.1793190570415,46.23563438138416,129.13,88.66,24.813333333333333,46.169999999999995,0,real: flood extent + rasters + NASA POWER
Kech,2025,Balochistan,0.06959579845517383,25.99792836430778,63.049613806723684,1.9698741996859155,2.328752001584563,2934.261891519183,219.39015941549698,3628.4650340256358,405.18081512245703,9.71,6.3,31.683333333333334,54.156666666666666,0,real: flood extent + rasters + NASA POWER
Kharan,2025,Balochistan,0.0,28.69413057069562,65.60132293769918,2.0312125268536003,2.2134138614179037,2364.284766151525,87.48051466040882,2709.846461867993,294.0209666831725,118.06,81.22,30.483333333333334,31.903333333333332,0,real: flood extent + rasters + NASA POWER
Khuzdar,2025,Balochistan,0.010502786449951142,27.453469718852638,66.64668161569884,1.0493425140030785,1.0483679803509527,5921.168455881765,436.3082361131074,6676.889454586748,191.11349041490521,263.19,157.48,27.723333333333333,58.19333333333333,0,real: flood extent + rasters + NASA POWER
Killa Abdullah,2025,Balochistan,0.01604793522982732,30.78064242133432,66.74678309985701,1.106639139532061,1.0888724959625677,8878.578355097712,1223.905787143532,6761.410524897469,129.8052187972914,31.57,18.91,25.87,26.046666666666667,0,real: flood extent + rasters + NASA POWER
Killa Saifullah,2025,Balochistan,0.033026757372562186,30.96696578738557,68.32053853286857,1.1047602485195034,1.1439538806355432,7018.838365679508,261.8779573820144,10642.423961913904,164.5987104143101,145.76,93.30999999999999,23.706666666666667,39.89333333333333,0,real: flood extent + rasters + NASA POWER
Kohlu,2025,Balochistan,0.0,29.588636488737027,68.84299859934525,1.0502772905610873,1.0748642587476789,10600.371174792399,648.0248221150312,11305.891768633512,199.90733749071308,168.61,123.07000000000001,30.366666666666664,52.31,0,real: flood extent + rasters + NASA POWER
Lasbela,2025,Balochistan,0.6404679976407446,25.7967229800511,66.64526184631511,2.2935878760334942,2.343636792565265,6009.791359056728,297.3402075361381,7890.017976741726,511.6433504877243,261.6,120.28,28.98,71.92333333333333,0,real: flood extent + rasters + NASA POWER
Lehri,2025,Balochistan,0.7589249474723759,29.007731649200903,68.01216690745781,4.451086889354611,4.4111733587211415,2949.204200718693,0.0,5519.984814655385,138.7699854103891,130.51,93.0,35.76,42.92666666666667,0,real: flood extent + rasters + NASA POWER
Loralai,2025,Balochistan,0.0,30.4701050696752,68.77505347387337,1.024970624350219,1.031773823889939,8663.18667136959,298.07352426359927,12939.72826933443,50.16228261754755,142.66,97.34,26.646666666666665,47.76333333333333,0,real: flood extent + rasters + NASA POWER
Mastung,2025,Balochistan,0.0,29.72174951856186,66.74335494723883,1.1099851521685815,1.05794449769843,6173.517425223089,402.04986227362565,5729.6496591419145,0.0,89.16,60.449999999999996,25.063333333333333,41.333333333333336,0,real: flood extent + rasters + NASA POWER
Musakhel,2025,Balochistan,0.0040840761014598785,30.865251139547485,69.91872279764065,1.0191598589409032,1.0098776513070136,13895.72262609359,808.4704761994878,13886.622132301141,82.60512013971636,194.82999999999998,98.27,27.363333333333333,58.56666666666666,0,real: flood extent + rasters + NASA POWER
Nasirabad,2025,Balochistan,0.0,28.592161085401305,68.10769118101013,4.592200364926669,4.601202807598343,2380.2941300777,0.0,4409.385523786405,123.55730444047195,86.63,55.18,36.57333333333333,41.68,0,real: flood extent + rasters + NASA POWER
Nushki,2025,Balochistan,0.0,29.453848883260804,65.7715479532314,3.13214838532394,2.8911774768195673,3657.114059855258,336.4914585127255,2713.2574857950685,1910.0294496786294,42.77,28.52,31.599999999999998,23.626666666666665,0,real: flood extent + rasters + NASA POWER
Panjgur,2025,Balochistan,0.0,26.74165811309722,64.15804001241857,1.6725486215918484,1.9805644392357502,2498.1767672655137,4.751274422495323,3958.6702060196926,109.61228673211757,19.42,10.23,29.94666666666667,46.51,0,real: flood extent + rasters + NASA POWER
Pishin,2025,Balochistan,0.0,30.735705073992072,67.14530378686344,1.2042749760400364,1.1403757950029279,9705.442376043371,1975.6189053367827,7319.7575612678775,117.64090061239709,35.59,22.32,26.126666666666665,30.97666666666667,0,real: flood extent + rasters + NASA POWER
Quetta,2025,Balochistan,0.006451316433711752,30.13329005766278,66.87756131847759,1.1158460960525005,1.0485065679611667,9372.646256042939,1096.0068982275127,6535.414865440327,118.43357023492293,56.95,37.51,25.636666666666667,37.06,0,real: flood extent + rasters + NASA POWER
Sherani,2025,Balochistan,0.38637963543296466,31.635605726562538,69.77473795138059,1.068077784436466,1.0551832526965006,11909.821992038876,860.4243430680019,12812.421577151385,196.95012066043228,202.17,92.38,27.413333333333338,59.03666666666667,0,real: flood extent + rasters + NASA POWER
Sibi,2025,Balochistan,0.0,29.761125163334906,67.94481207056015,1.5684059232913674,1.6496064375162747,8588.953679708415,158.40053090099394,7954.46588503205,300.7355428237126,174.85000000000002,123.69000000000001,28.626666666666665,51.11333333333334,0,real: flood extent + rasters + NASA POWER
Sohbatpur,2025,Balochistan,2.7843558241812567,28.506656088784716,68.61536229609497,4.574289063933071,4.661098985623987,3372.1943504386886,13.185310821576337,4844.538078312628,106.28466862860297,90.16,60.449999999999996,35.906666666666666,43.846666666666664,1,real: flood extent + rasters + NASA POWER
Washuk,2025,Balochistan,0.0,27.77998954061544,64.38912871076715,2.957128669839097,3.1177371765291944,1520.0023146120875,0.39692623343477185,2153.862080329068,533.0752316077275,15.49,10.85,34.57333333333333,22.34,0,real: flood extent + rasters + NASA POWER
Zhob,2025,Balochistan,0.03935525819388158,31.370693186830522,69.01852742985463,1.0566854591028683,1.0431950233536775,7743.05252812155,189.0445964932593,11790.902643584837,122.63078704814662,152.54,89.59,23.89,45.82333333333333,0,real: flood extent + rasters + NASA POWER
Ziarat,2025,Balochistan,0.0,30.392293987035497,67.87113356580669,1.0190338510963277,1.0046336553392476,10788.104203756233,884.9555085062723,9935.250324775998,83.20947380652635,157.21,106.95,23.64,48.81666666666666,0,real: flood extent + rasters + NASA POWER
Shaheed Sikandarabad,2025,Balochistan,0.0,28.318607887215936,66.18056516205029,1.0867495665825244,1.1421650732339061,3311.17223342237,251.121598214,4602.759666292073,175.02349019187076,179.39,122.45,24.88,43.593333333333334,0,real: flood extent + rasters + NASA POWER
Duki,2025,Balochistan,0.0,30.162524954716595,69.00845506947206,1.155158740035967,1.1916398573766513,9634.325269285577,482.93049414136635,13467.313333136282,47.63209896517178,163.38,117.17999999999999,28.58,51.71333333333333,0,real: flood extent + rasters + NASA POWER
Chaman,2025,Balochistan,0.0,30.86180091160503,66.56102230547808,1.0035188114019755,1.0038390396984478,8463.43515846648,1212.5398042396612,6619.99109317415,3.5243065655960715,15.17,8.06,29.36,20.816666666666666,0,real: flood extent + rasters + NASA POWER
Astore,2025,Gilgit Baltistan,0.12028287074783212,35.143481442612924,74.88276464411585,1.0189837558154988,1.0159098294298738,15712.384206183746,3388.6314602747693,20036.622990022253,525.0367947849176,187.58999999999997,71.61,9.733333333333334,70.86333333333333,0,real: flood extent + rasters + NASA POWER
Diamir,2025,Gilgit Baltistan,0.024489663697392198,35.37759062783455,74.21620543824325,1.0308477861472145,1.0147356796534455,17326.99923237734,4559.154128070882,21150.813101243937,1083.897879147105,92.48,40.300000000000004,18.16333333333333,48.68,0,real: flood extent + rasters + NASA POWER
Ghanche,2025,Gilgit Baltistan,1.9966187045742383,35.273439526001724,76.72144935756792,1.0325388592974287,1.1946496318572828,2992.4840226699507,297.01659214217057,13112.808282069343,437.32791668487164,97.97,39.99,-0.22666666666666657,69.19666666666667,1,real: flood extent + rasters + NASA POWER
Ghizer,2025,Gilgit Baltistan,0.42025244381423976,36.3930972676352,73.88504573214492,1.032492069114843,1.059697783410765,4886.509390767865,821.1824627678777,16112.571920800803,379.23902282200777,31.47,13.64,11.94,33.67,0,real: flood extent + rasters + NASA POWER
Gilgit,2025,Gilgit Baltistan,0.04536054895747306,35.91083962590362,74.41974501833097,1.0587689532717495,1.0600588496822843,7191.674753120957,2277.468299278359,16671.977510635457,577.069714510981,57.37,27.28,14.486666666666666,46.586666666666666,0,real: flood extent + rasters + NASA POWER
Hunza,2025,Gilgit Baltistan,1.9675942292085116,36.58010207980785,75.11556455497768,1.0152952614266895,1.1256587946395145,3580.886308365972,455.6943506417773,16032.296687457741,420.8122593237596,52.459999999999994,25.419999999999998,6.796666666666667,48.15,1,real: flood extent + rasters + NASA POWER
Skardu,2025,Gilgit Baltistan,1.5705845971874717,35.2368953958186,75.51427756333142,1.0475624101126986,1.0727741256662906,8570.585454284585,2436.4098801161035,18005.12582058637,1293.3630706811678,152.29,57.04,9.923333333333334,63.36333333333334,1,real: flood extent + rasters + NASA POWER
Nagar,2025,Gilgit Baltistan,0.8050486776366621,36.273671698854876,74.61986136073041,1.0253962903187954,1.102736690450454,3749.6680791341246,907.9776304256624,15235.18444308717,374.40622562795386,42.28,20.150000000000002,9.56,42.70666666666667,0,real: flood extent + rasters + NASA POWER
Kharmang,2025,Gilgit Baltistan,0.019333358403568573,34.84509401951076,75.78558752417007,1.0101598291509555,1.0138888563952202,14348.687230420755,2687.42125655757,18672.657348555815,581.6028616319697,152.29,57.04,9.923333333333334,63.36333333333334,0,real: flood extent + rasters + NASA POWER
Shigar,2025,Gilgit Baltistan,2.4985127981046524,35.77238086147538,75.77215367905112,1.0284139721242107,1.0863866009641276,3552.956049975199,751.0806532525392,15795.381240416173,460.03130042625537,73.32000000000001,33.480000000000004,2.733333333333333,62.35666666666666,1,real: flood extent + rasters + NASA POWER
Darel,2025,Gilgit Baltistan,0.021284237926530766,35.708262768379754,73.78302115057303,1.0195454068741272,1.004675434568077,19964.027166343745,5415.345903410862,20522.066346642918,1283.7511446080914,120.55,52.39,17.69666666666667,56.06,0,real: flood extent + rasters + NASA POWER
Tangir,2025,Gilgit Baltistan,0.273154049148926,35.742748008413116,73.34862157068389,1.0306154965786607,1.0348469548142056,18386.796100878913,4862.027969287612,22258.569418846004,346.6606210086169,153.96,67.27,15.533333333333333,62.63666666666666,0,real: flood extent + rasters + NASA POWER
Gupis-Yasin,2025,Gilgit Baltistan,0.5437417676985359,36.22367498748198,73.16809777356882,1.0243106369378217,1.0498081758805984,5527.524336885074,1252.1105436296834,19142.965926879453,423.8026988706616,57.55,25.419999999999998,10.276666666666666,42.416666666666664,0,real: flood extent + rasters + NASA POWER
Rondu,2025,Gilgit Baltistan,0.07896965323130024,35.570567711590435,75.14421559024287,1.0867481933985876,1.0868589404857811,6735.4907168627315,1384.844487674482,17880.802946758497,285.45817209084805,95.46,41.230000000000004,14.246666666666668,49.903333333333336,0,real: flood extent + rasters + NASA POWER
Islamabad,2025,Islamabad,0.1917745525389245,33.67168475617021,73.11826062310361,1.000055772256401,1.0127966343853174,48898.600391782886,26219.14221374545,46328.252255850064,1531.5793298378128,982.4200000000001,469.34000000000003,28.096666666666664,79.38666666666667,0,real: flood extent + rasters + NASA POWER
Abbottabad,2025,Khyber Pakhtunkhwa,0.0,34.10387582057843,73.27663305618196,1.0024169441697584,1.0011031007082691,55649.096844023596,33506.92797951234,39561.46820140674,875.4296630038647,905.7,431.83,25.286666666666665,81.74,0,real: flood extent + rasters + NASA POWER
Bajaur,2025,Khyber Pakhtunkhwa,0.0,34.75413692064879,71.50495718397396,1.0031726742254647,1.001094011715936,33099.771444108104,9348.650071334057,36080.710609724854,554.6745768910744,234.47,93.0,21.816666666666666,65.36,0,real: flood extent + rasters + NASA POWER
Bannu,2025,Khyber Pakhtunkhwa,0.26141532306490134,32.98347228404928,70.62615864773174,1.0947157381316734,1.0768403757265723,17651.29143149819,3440.755262411836,19119.646228402537,1180.94503127139,341.23,143.22,30.006666666666664,61.64000000000001,0,real: flood extent + rasters + NASA POWER
Batagram,2025,Khyber Pakhtunkhwa,0.0,34.7874266123209,73.13779170612351,1.0036684949198538,1.0037114084633683,45687.09957658637,19466.967305192946,36861.022123362134,651.5712013339981,316.89,137.32999999999998,17.776666666666667,79.35000000000001,0,real: flood extent + rasters + NASA POWER
Buner,2025,Khyber Pakhtunkhwa,0.01960530937089322,34.46305043931335,72.5228237917978,1.0061118128990187,1.001127492031253,41683.83806072749,22105.53270157494,44415.04419679197,925.8234660269393,591.13,268.77,26.506666666666664,74.12333333333333,0,real: flood extent + rasters + NASA POWER
Charsadda,2025,Khyber Pakhtunkhwa,0.9828301387523367,34.244277911234974,71.72017937161847,1.0478693886007295,1.0919478994788467,24547.221462361296,3643.287186734641,28725.165819453592,3001.209812256596,605.3,318.06,29.376666666666665,72.56333333333333,0,real: flood extent + rasters + NASA POWER
Chitral Lower,2025,Khyber Pakhtunkhwa,0.08579483362808787,35.885465760920624,71.74486685483927,1.0276737563672733,1.0235241439150995,14848.052112408837,1619.9961838729607,29146.03550857365,731.140713392613,55.900000000000006,24.490000000000002,11.106666666666667,47.96333333333333,0,real: flood extent + rasters + NASA POWER
Chitral Upper,2025,Khyber Pakhtunkhwa,1.073542523461604,36.46198193283297,72.56398255578726,1.0180847432314948,1.0471935941505177,7751.7097441860515,1314.1951586477066,22402.473460549572,735.3454221715112,24.009999999999998,11.78,9.086666666666668,32.669999999999995,1,real: flood extent + rasters + NASA POWER
D. I. Khan,2025,Khyber Pakhtunkhwa,2.9995724409275826,31.816377105422976,70.59780433426303,3.087746505958326,2.904486889201814,12608.968748706131,1951.6117932481204,13796.544480821452,908.0872284533916,252.70999999999998,114.08,33.586666666666666,55.06333333333333,1,real: flood extent + rasters + NASA POWER
Hangu,2025,Khyber Pakhtunkhwa,0.0,33.431592409943676,70.84799385922864,1.0020583998881116,1.0018209096737984,25082.311685699184,6473.79379492107,21281.86557236504,384.3478486928502,343.44,143.53,26.133333333333336,63.45333333333334,0,real: flood extent + rasters + NASA POWER
Haripur,2025,Khyber Pakhtunkhwa,4.397625311258562,34.00302130742728,72.9013724138452,1.0739402187482814,1.1564923157444276,44238.11165448062,17735.08597560937,50188.63814940699,3071.9763233398717,905.7,431.83,25.286666666666665,81.74,1,real: flood extent + rasters + NASA POWER
Karak,2025,Khyber Pakhtunkhwa,0.004439120430474274,33.1385149373142,71.10857430672968,1.0811006323329257,1.0216617672029926,24788.640281448694,8911.629647833286,21331.771263708168,213.74843887062286,462.28999999999996,240.56,30.436666666666667,67.27,0,real: flood extent + rasters + NASA POWER
Khyber,2025,Khyber Pakhtunkhwa,0.0,33.95956103454677,71.06721317397235,1.019332622620113,1.0144390590734067,26815.00052299587,4849.986289200881,26828.233406782758,1038.6631110621902,418.73,213.59,27.76,65.31666666666666,0,real: flood extent + rasters + NASA POWER
Kohat,2025,Khyber Pakhtunkhwa,0.31941750492923754,33.48372792433367,71.54659343111086,1.024270677159989,1.0310692949428915,28227.340951707578,5227.301757262089,27018.20014433966,727.9257147148605,486.32,262.57,28.453333333333333,68.81,0,real: flood extent + rasters + NASA POWER
Kohistan Lower,2025,Khyber Pakhtunkhwa,0.05980449849266919,35.16856304998793,72.91584807206976,1.0559828611620643,1.0182939932656279,22631.273082387146,7572.619513837294,33545.96108556731,2023.387307079892,316.89,137.32999999999998,17.776666666666667,79.35000000000001,0,real: flood extent + rasters + NASA POWER
Kohistan Upper,2025,Khyber Pakhtunkhwa,0.14127183540781685,35.41038651205106,73.27065935176876,1.0902696493831583,1.0425838363303783,18698.656270963522,4360.8083176257705,26252.749746212023,920.1467893486063,153.96,67.27,15.533333333333333,62.63666666666666,0,real: flood extent + rasters + NASA POWER
Kolai Palas Kohistan,2025,Khyber Pakhtunkhwa,0.0,35.024345248306666,73.24542395934382,1.0377092840821378,1.0156059022024861,38033.82546733507,16283.222178544638,31895.79979347526,1464.0879937617874,316.89,137.32999999999998,17.776666666666667,79.35000000000001,0,real: flood extent + rasters + NASA POWER
Kurram,2025,Khyber Pakhtunkhwa,0.0,33.70753985946702,70.32447776768292,1.007271774975252,1.0019072755377516,29770.490531597974,8122.381866019862,20788.91305652874,466.29502117230663,343.44,143.53,26.133333333333336,63.45333333333334,0,real: flood extent + rasters + NASA POWER
Lakki Marwat,2025,Khyber Pakhtunkhwa,0.0,32.60062796449553,70.81059879826293,1.4119744988412486,1.2011465741327583,18408.061317074058,4882.671649281401,17120.018117750613,364.92187455953547,299.09999999999997,130.51,31.403333333333336,59.550000000000004,0,real: flood extent + rasters + NASA POWER
Lower Dir,2025,Khyber Pakhtunkhwa,0.007208076233084079,34.83942705979078,71.84883007253904,1.0023257336906222,1.0033510113407489,37650.46374226178,15455.438744342537,37741.55556985586,1011.091722258036,272.82,114.08,22.650000000000002,72.21333333333332,0,real: flood extent + rasters + NASA POWER
Malakand,2025,Khyber Pakhtunkhwa,0.0,34.53853522235305,71.89389293831103,1.004158276775497,1.0042177579777474,33839.02488747576,14038.704441285632,36793.3164913661,1347.8341988524182,429.47999999999996,202.11999999999998,28.28,71.33999999999999,0,real: flood extent + rasters + NASA POWER
Mansehra,2025,Khyber Pakhtunkhwa,0.14661935275986762,34.654764122196994,73.42663057213426,1.0051916484914563,1.007419906325064,43516.22722477216,20184.3526713434,33451.567271390115,790.6349853586551,518.2,236.22,23.05,79.11,0,real: flood extent + rasters + NASA POWER
Mardan,2025,Khyber Pakhtunkhwa,0.0,34.31594245910656,72.09740412049389,1.008275345991349,1.0367344901529725,31401.55300409583,12323.49417336983,35118.633141464095,2228.708123957185,429.47999999999996,202.11999999999998,28.28,71.33999999999999,0,real: flood extent + rasters + NASA POWER
Mohmand,2025,Khyber Pakhtunkhwa,0.015391017289141488,34.46547240768557,71.33887956593416,1.0108555317130778,1.0085550403164973,24063.339622599375,1698.198360045267,32584.16159626611,402.15015731413536,328.32,145.07999999999998,27.796666666666667,65.68,0,real: flood extent + rasters + NASA POWER
North Waziristan,2025,Khyber Pakhtunkhwa,0.014333964916701768,32.95351612953453,69.98472080617289,1.0084844066486478,1.0051448147831787,18406.749488160145,4135.638518974675,17697.561203855585,488.7603927453786,286.98999999999995,129.57999999999998,25.53333333333333,56.75,0,real: flood extent + rasters + NASA POWER
Nowshera,2025,Khyber Pakhtunkhwa,0.716852136572869,33.92731059537648,71.98482855790424,1.0455413604028214,1.0604037919619065,28695.506063206314,5876.277475672941,28905.770843765808,1406.6212894697962,605.3,318.06,29.376666666666665,72.56333333333333,0,real: flood extent + rasters + NASA POWER
Orakzai,2025,Khyber Pakhtunkhwa,0.0,33.700349800047356,70.98977815698191,1.008822547548384,1.0000283918793729,31104.3632539475,9134.102248316292,24364.22434667767,528.5442576737067,486.32,262.57,28.453333333333333,68.81,0,real: flood extent + rasters + NASA POWER
Peshawar,2025,Khyber Pakhtunkhwa,0.1386979878001104,33.93045463463318,71.59522928788846,1.0356568712658583,1.0910947605033197,23202.298520235392,1994.5226619666646,27308.900054314792,2297.846420582515,605.3,318.06,29.376666666666665,72.56333333333333,0,real: flood extent + rasters + NASA POWER
Shangla,2025,Khyber Pakhtunkhwa,0.25858877299150235,34.849456941845645,72.73128658500633,1.0121805086505569,1.0079845240827567,34360.7649798354,13045.89572029684,44885.34457610632,1315.4132476474638,321.77,146.94,20.11,77.54333333333334,0,real: flood extent + rasters + NASA POWER
South Waziristan,2025,Khyber Pakhtunkhwa,0.23908553527746465,32.31444320617406,69.75081760741193,1.041010284809226,1.0378353026693818,14901.293924751233,1558.6319016456234,14824.547406505333,386.31681263126126,260.69,115.63,26.926666666666666,58.5,0,real: flood extent + rasters + NASA POWER
Swabi,2025,Khyber Pakhtunkhwa,2.304531166072944,34.13642650690444,72.45870097913712,1.0274975724753952,1.0531066095835604,38055.508605170486,15035.953730261592,46294.87676632992,1807.3906705938252,878.8399999999999,407.96,29.25,76.18666666666667,1,real: flood extent + rasters + NASA POWER
Swat,2025,Khyber Pakhtunkhwa,0.13778811537181998,35.241750909642676,72.4626776877682,1.012899730365115,1.0157122341322635,25476.31233145003,7084.679955683125,34246.2958323818,639.4695805365366,321.77,146.94,20.11,77.54333333333334,0,real: flood extent + rasters + NASA POWER
Tank,2025,Khyber Pakhtunkhwa,1.5744921428118392,32.32967326728002,70.3468965201431,1.758861335154701,1.525597260290831,13502.27680871376,1986.4060752371686,16139.364781099708,173.65354197019948,299.09999999999997,130.51,31.403333333333336,59.550000000000004,1,real: flood extent + rasters + NASA POWER
Tor Ghar,2025,Khyber Pakhtunkhwa,5.622177563777128,34.559006838513056,72.83415425369034,1.0442655742251157,1.0947763519719276,42872.35223963789,20310.008477496536,45403.23929192654,1442.0290500124245,518.2,236.22,23.05,79.11,1,real: flood extent + rasters + NASA POWER
Upper Dir,2025,Khyber Pakhtunkhwa,0.021447921669391207,35.2817385862661,72.03454741521071,1.00152818037965,1.0018810234569013,36060.19794190933,12202.3668430022,34373.17446235426,592.8810689316956,145.09,58.279999999999994,16.606666666666666,62.53,0,real: flood extent + rasters + NASA POWER
Attock,2025,Punjab,0.4348701043360858,33.48659321805251,72.30532796858091,1.0249717790218045,1.0325980188084225,31390.524410171125,11316.474132750249,38204.0141537525,753.3872008907363,827.61,455.7,28.853333333333335,77.55666666666667,0,real: flood extent + rasters + NASA POWER
Bahawalnagar,2025,Punjab,3.0407458699284953,29.608456732425815,73.01730415645225,2.69696034906132,2.9913782509242512,8648.765232661926,424.97222667031116,12297.576079546729,1272.754771569956,297.0,164.29999999999998,32.20333333333333,60.653333333333336,1,real: flood extent + rasters + NASA POWER
Bahawalpur,2025,Punjab,2.650679306710932,28.827978616368263,71.72408116598207,2.1171766883170635,2.322581888573502,8804.701395197013,348.4555672639493,7849.451164331673,291.34456863678383,144.01,75.02,34.35,49.01666666666667,1,real: flood extent + rasters + NASA POWER
Bhakkar,2025,Punjab,0.7823754144204725,31.658584662865294,71.43247819685227,3.1341495063521796,3.439709127213039,14700.514373153146,2250.4234948077733,14959.73838185999,437.6299232269339,264.79,110.98,34.52666666666667,51.28,0,real: flood extent + rasters + NASA POWER
Chakwal,2025,Punjab,0.07275557724398087,32.89654761891756,72.53263403417543,1.006525325373695,1.007952660823447,29772.410442966004,9980.27528783669,37432.96842665905,377.9994438165181,731.48,407.03000000000003,28.96666666666667,77.00666666666666,0,real: flood extent + rasters + NASA POWER
Chiniot,2025,Punjab,15.604750838661015,31.664416134414626,72.82443973509143,3.556330491170406,3.5929313690988995,15240.22150899779,1800.6826106784097,23513.18644517052,1300.3948665862058,533.67,301.32,30.89,70.48,1,real: flood extent + rasters + NASA POWER
Dera Ghazi Khan,2025,Punjab,2.2011780104034337,30.411774797588915,70.44499976580747,2.1905469839810574,2.207548036037637,10722.137436980558,612.9200679650196,12711.697821154938,703.2283094926034,195.35000000000002,81.53,33.35333333333333,50.76333333333333,1,real: flood extent + rasters + NASA POWER
Faisalabad,2025,Punjab,3.755842784248023,31.237465049721152,73.1475503269012,3.274978545243548,3.3566504853127612,15136.260440675527,1312.0866946711599,23878.48418284978,1110.6957388113126,473.33,270.63,31.310000000000002,67.04,1,real: flood extent + rasters + NASA POWER
Gujranwala,2025,Punjab,5.3967686209359815,32.13994751127013,74.0887882150182,2.7869521905779746,2.6899625692944116,26122.672991890697,9052.546878245634,45258.740344694845,1282.9050710020883,1057.99,472.13,29.25333333333333,80.60000000000001,1,real: flood extent + rasters + NASA POWER
Gujrat,2025,Punjab,4.84280942817473,32.72332618030203,73.99340786254587,1.5555545460088784,1.8002446333508186,35668.58466522826,21789.450435094426,54899.03851036946,1871.679440864592,1003.05,468.71999999999997,29.683333333333334,78.80333333333333,1,real: flood extent + rasters + NASA POWER
Hafizabad,2025,Punjab,19.11647839525256,32.02600424237065,73.5024315406946,3.2474298855234345,3.0637435647499176,20477.45256447776,3462.5751248902548,37814.65207061039,790.0125824013774,882.63,455.39,29.709999999999997,78.46666666666665,1,real: flood extent + rasters + NASA POWER
Jhang,2025,Punjab,15.357564878168203,31.175137807884294,72.17638580164252,3.640972901571329,3.7221334306219642,11016.571695439272,511.64225782742847,15837.207245491703,898.2584706198081,307.51,132.06,33.21333333333333,58.083333333333336,1,real: flood extent + rasters + NASA POWER
Jhelum,2025,Punjab,1.131559082073567,32.83386897312157,73.29996733516478,1.7433472645168853,1.8247031435755177,34232.56591966566,14757.083920074356,49384.24585329197,1446.9520354914703,890.26,472.13,28.456666666666667,80.00666666666667,1,real: flood extent + rasters + NASA POWER
Kasur,2025,Punjab,6.975603356983777,31.053841961032706,74.15805095352512,3.0111065727689392,3.0271985605529528,19118.790116708326,4144.502410707633,31058.46210285884,989.5922240868367,748.78,416.02,29.596666666666664,77.59333333333333,1,real: flood extent + rasters + NASA POWER
Khanewal,2025,Punjab,9.406493180548837,30.36840225782132,72.01726211136999,2.586261003115079,2.7415390330473097,6270.95764303164,35.68914268957609,11066.318479904463,704.6150335118145,264.05,115.94000000000001,33.419999999999995,56.49333333333333,1,real: flood extent + rasters + NASA POWER
Khushab,2025,Punjab,0.3620898529311333,32.187923424083074,72.10477995878527,2.4735018296155125,2.6954128127560866,20432.412248998582,3805.7070545914003,24044.62077118186,408.239490929128,384.35,171.74,32.79333333333333,59.653333333333336,0,real: flood extent + rasters + NASA POWER
Lahore,2025,Punjab,2.7847622282963593,31.465540538836553,74.35796853622799,2.853144452398758,2.7391519543702763,27007.975076521147,13073.601895044689,36649.14705590505,1812.9407478009155,908.9100000000001,477.40000000000003,29.400000000000002,79.30333333333333,1,real: flood extent + rasters + NASA POWER
Leiah,2025,Punjab,3.1485438397571333,30.97715511705255,71.24767063239754,2.9960943508094724,3.2516175599889525,10006.655208441867,653.6786636302144,12209.113639868652,1053.1321584445955,238.78,90.83,34.70666666666667,50.34,1,real: flood extent + rasters + NASA POWER
Lodhran,2025,Punjab,0.28769134437171523,29.674646964271062,71.68792704017109,2.390323451873335,2.5083913904121085,6052.515771455679,39.08714562182684,9294.61190143775,512.5756936590645,159.91,78.42999999999999,34.24333333333333,50.32666666666666,0,real: flood extent + rasters + NASA POWER
Mandi Bahauddin,2025,Punjab,10.083011085855334,32.434586244233756,73.45356377101129,2.7310617442741054,2.630658612455196,26446.814734882206,9147.740252148118,48970.72139205681,1569.6604359795967,1003.05,468.71999999999997,29.683333333333334,78.80333333333333,1,real: flood extent + rasters + NASA POWER
Mianwali,2025,Punjab,5.994904227911178,32.66976314660676,71.53192435800635,2.164124623985437,2.227237020722414,22881.739933906534,7941.434830307292,22671.253200386658,1613.3839775514843,378.07,171.11999999999998,32.2,62.449999999999996,1,real: flood extent + rasters + NASA POWER
Multan,2025,Punjab,14.657861013140028,29.938070900165894,71.40293701466476,2.7811027067691576,2.8495225539268265,5138.9506221323445,22.308527738052675,9790.980136269514,1151.0620383818973,168.26,65.72,34.79666666666667,49.343333333333334,1,real: flood extent + rasters + NASA POWER
Muzaffargarh,2025,Punjab,9.498086258572142,30.050680756287896,71.03855564933043,3.113505576611481,3.0688812649308814,6644.564332965409,207.45947439783444,10058.132319486494,1644.681819671188,168.26,65.72,34.79666666666667,49.343333333333334,1,real: flood extent + rasters + NASA POWER
Nankana Sahib,2025,Punjab,8.965590923698171,31.431506194728723,73.68457383123375,3.168026807106356,3.13448790467237,19257.861811078736,4257.472164057398,31391.846846512137,853.6032966154364,753.4300000000001,431.21,29.893333333333334,76.62,1,real: flood extent + rasters + NASA POWER
Narowal,2025,Punjab,17.624294198158523,32.206782671072176,74.99431729729326,1.4926020090674728,1.7750928849550165,38194.283060308866,27401.88697742105,47114.606732632645,771.5110723004439,1120.97,530.41,28.953333333333333,82.00333333333333,1,real: flood extent + rasters + NASA POWER
Okara,2025,Punjab,9.358266970803115,30.70939256899169,73.68425888512623,3.136849842606869,3.319808071879965,12783.753949293261,1009.6488562754615,23478.98755997827,936.6419664753257,517.78,295.43,30.576666666666668,71.33,1,real: flood extent + rasters + NASA POWER
Pakpattan,2025,Punjab,16.14881451464493,30.30334554858408,73.24483902625967,3.4967596966536467,3.670562652449966,10191.700338981624,492.89250899473797,16614.678493966763,1168.671432609429,409.22,233.74,31.650000000000002,64.59666666666666,1,real: flood extent + rasters + NASA POWER
Rahim Yar Khan,2025,Punjab,2.1892260037812945,28.41216147766948,70.53180992171724,2.19631007648005,2.39349744390606,5993.721440501401,211.02244290906827,5983.878671533225,600.8375774474384,90.67999999999999,61.69,35.0,47.03,1,real: flood extent + rasters + NASA POWER
Rajanpur,2025,Punjab,4.25437550628256,29.161160324099622,70.03298554692928,2.645422812973751,2.694095232480125,8428.968697302258,388.6434020038312,8763.543322791738,645.2348955748772,113.93,75.64,33.99333333333333,49.326666666666675,1,real: flood extent + rasters + NASA POWER
Rawalpindi,2025,Punjab,0.3595949030204095,33.46178914805709,73.19904413433693,1.0029808064849388,1.0079374053542407,44082.18803262914,25673.122864390243,48528.61701259709,809.567033488174,982.4200000000001,469.34000000000003,28.096666666666664,79.38666666666667,0,real: flood extent + rasters + NASA POWER
Sahiwal,2025,Punjab,3.0530592239382086,30.547941707559175,72.89394604163624,2.7229798134007646,3.0123841440085144,9855.08332325935,653.2762610029698,15251.060208143019,753.6448206644176,409.22,233.74,31.650000000000002,64.59666666666666,1,real: flood extent + rasters + NASA POWER
Sargodha,2025,Punjab,1.944727851851636,32.101532304673036,72.74385301615182,3.1424635667871765,3.018836338907393,20099.265966171228,2938.4350656398196,29511.478194005515,1077.6768268985986,519.68,270.32,31.310000000000002,69.33666666666666,1,real: flood extent + rasters + NASA POWER
Sheikhupura,2025,Punjab,4.141622949203061,31.739609586511126,74.05601736703579,2.93061426599716,2.8230077022320517,25021.738467025567,7380.017667195458,37742.200535093005,1523.7425617311667,753.4300000000001,431.21,29.893333333333334,76.62,1,real: flood extent + rasters + NASA POWER
Sialkot,2025,Punjab,13.870418738480627,32.4097911127757,74.53324122688717,1.558968473496536,2.0712866390983984,35358.89377307271,22075.47116911877,57018.23118513715,1194.528666764192,1149.49,540.0200000000001,29.27333333333333,80.43333333333334,1,real: flood extent + rasters + NASA POWER
Toba Tek Singh,2025,Punjab,7.516511764113147,30.877923558688018,72.54780564531306,3.3119902601706923,3.553070835435279,9873.916163562673,558.3470681512574,15678.695120486698,909.8954003539878,424.75,229.4,32.12,62.76333333333333,1,real: flood extent + rasters + NASA POWER
Vehari,2025,Punjab,6.28958784738296,30.010040809324735,72.40469759908709,2.565179048448651,2.7620841068086888,6603.337661394607,40.1737071740455,10873.75227789211,523.0411439128509,320.76,180.73,32.32666666666667,61.123333333333335,1,real: flood extent + rasters + NASA POWER
Badin,2025,Sindh,4.595269235780082,24.722529908064885,68.84135739885956,4.323660529696213,4.323581205968564,10335.468764508829,839.5107866181245,11986.608455817262,507.28256113543665,268.54,99.9,30.606666666666666,69.59333333333333,1,real: flood extent + rasters + NASA POWER
Central Karachi,2025,Sindh,0.0,24.948555946524635,67.05930121698898,3.3013832853025935,3.62285878962536,9496.353452449568,1705.0763804034582,10644.738916426513,2399.866074927954,312.30999999999995,160.57999999999998,28.73,79.27333333333333,0,real: flood extent + rasters + NASA POWER
Dadu,2025,Sindh,2.27724040835862,26.866781047386187,67.49722974175133,3.1763987893073424,3.173620090323588,4857.265601848925,103.84124801021744,7044.376366582615,687.9602642558202,187.57999999999998,82.8,34.166666666666664,50.080000000000005,1,real: flood extent + rasters + NASA POWER
East Karachi,2025,Sindh,0.0,24.935855776659423,67.13479460973282,2.6049100915569756,2.9779603844885743,9633.201747807088,1985.498259076894,10950.902276424531,475.4954221512085,312.30999999999995,160.57999999999998,28.73,79.27333333333333,0,real: flood extent + rasters + NASA POWER
Ghotki,2025,Sindh,1.405659940450038,27.827437569094737,69.65202097255516,3.1331413075357464,3.4532180478974746,4362.420523068348,10.639584965416388,4800.111808323904,250.20976972410486,81.96000000000001,37.82,35.373333333333335,46.60666666666666,1,real: flood extent + rasters + NASA POWER
Hyderabad,2025,Sindh,4.630436929256494,25.33990709851298,68.45731388230709,3.5605761380001475,3.571176039219706,7170.658813215361,19.574022607674625,9163.38187672803,1265.486691521871,256.06,93.0,31.55333333333333,65.02,1,real: flood extent + rasters + NASA POWER
Jacobabad,2025,Sindh,1.8431846711622635,28.20682779438667,68.47687407452639,4.858211503646964,4.892846357635858,2994.4997811769563,0.0,4242.344942822734,211.0782372946195,89.02,45.26,35.669999999999995,46.276666666666664,1,real: flood extent + rasters + NASA POWER
Jamshoro,2025,Sindh,2.57383765333912,25.73447545929718,67.79256554861017,2.0024272442030737,2.046554073719103,6937.971896537243,612.8573902388048,8316.085024712587,661.3187827382367,300.61,139.81,28.656666666666666,74.67666666666666,1,real: flood extent + rasters + NASA POWER
Kambar Shahdad Kot,2025,Sindh,1.9974547600588737,27.635573468944084,67.71067282134987,3.9300078871597672,3.976304057927863,2435.207032432381,0.0,5472.691404642971,709.7133386759074,168.15,74.71000000000001,34.266666666666666,46.903333333333336,1,real: flood extent + rasters + NASA POWER
Kashmore,2025,Sindh,14.605527654327947,28.27455797088685,69.23118097941932,4.8222276073336685,4.860847920453907,3254.026896232368,3.9508280675207668,5148.543292697069,1450.1610124329427,84.91,51.46,35.29,46.13333333333333,1,real: flood extent + rasters + NASA POWER
Khairpur,2025,Sindh,1.8201700888844943,26.8267108828757,69.08183587681832,3.1016354250041562,3.1546648652275007,7274.954057496567,521.9731864283307,5069.552586286192,258.4353932429318,124.16,60.3,33.876666666666665,52.99666666666667,1,real: flood extent + rasters + NASA POWER
Korangi Karachi,2025,Sindh,0.12214550519734971,24.83859480449059,67.1424087642049,3.8049286261910846,3.707337908878505,8733.230806845966,2549.954968434113,11178.137921214997,1213.3965171041582,312.30999999999995,160.57999999999998,28.73,79.27333333333333,0,real: flood extent + rasters + NASA POWER
Larkana,2025,Sindh,7.4408277431042364,27.522390750775614,68.19398058929207,4.967464986478525,4.964522034082794,2357.8060185086442,0.0,4544.8015391755025,1237.0508266963989,108.9,62.400000000000006,35.64333333333333,46.92666666666667,1,real: flood extent + rasters + NASA POWER
Malir Karachi,2025,Sindh,2.2977726560599865,25.120729610091576,67.28733925682226,2.1613264824345335,2.268018230638114,9180.555922998454,1445.1740805060815,10403.475732338651,1526.350720881257,315.15000000000003,153.14000000000001,29.236666666666668,74.71666666666665,1,real: flood extent + rasters + NASA POWER
Matiari,2025,Sindh,18.891110350575993,25.761477646027018,68.45381764915588,3.922023393540208,3.98085793908057,6622.151063783354,46.68254995373972,7177.375584724314,1508.4593820560879,213.49,86.7,32.51,60.54,1,real: flood extent + rasters + NASA POWER
Mirpur Khas,2025,Sindh,0.30781431713833307,25.339583412036912,69.16451998868895,3.9347194167883073,4.283401773277646,9714.467929290942,784.4451557727447,8939.162155557291,779.250105866211,200.39999999999998,88.8,32.02333333333333,61.96666666666667,0,real: flood extent + rasters + NASA POWER
Naushahro Feroze,2025,Sindh,11.568045690108784,26.878078761532688,68.1252686155392,4.210754191462895,4.243625633725172,5210.587889165055,205.8881759636665,5525.152901814737,1161.9102825292555,142.60999999999999,83.39999999999999,34.873333333333335,50.56666666666666,1,real: flood extent + rasters + NASA POWER
Sanghar,2025,Sindh,0.28402471777838184,25.958893335783934,69.29437264079192,2.8405783957453394,3.1194794106939487,9595.102234803813,552.9508500566293,6653.99922473473,455.49496711570015,177.17,78.89999999999999,32.63666666666666,59.27333333333333,0,real: flood extent + rasters + NASA POWER
Shaheed Benazir Abad,2025,Sindh,4.57570098108639,26.360214840171743,68.3324417055417,3.5067228973641034,3.5326041128276184,6723.1354539729555,187.50678612457557,6006.589851543768,627.2128696229671,173.82,86.39999999999999,33.67666666666667,55.576666666666675,1,real: flood extent + rasters + NASA POWER
Shikarpur,2025,Sindh,4.924568632114684,27.94775842273573,68.60561271726911,4.944028708511019,4.953821487132392,2381.8850166161196,5.543016338931923,3954.020045149115,883.4327054724222,89.02,45.26,35.669999999999995,46.276666666666664,1,real: flood extent + rasters + NASA POWER
South Karachi,2025,Sindh,0.415937286109869,24.89553245531509,66.87376822769646,3.025045170890208,3.1245980317206064,8788.636204863844,2289.7711175896306,10301.201068917873,1540.9041876072333,312.30999999999995,160.57999999999998,28.73,79.27333333333333,0,real: flood extent + rasters + NASA POWER
Sujawal,2025,Sindh,12.452297316923175,24.24377598113204,68.1519770560001,3.592159800975451,4.403743252837746,9657.566531081975,2819.9220062966965,14842.721824298273,6549.800437022836,324.7,117.0,29.453333333333333,75.8,1,real: flood extent + rasters + NASA POWER
Sukkur,2025,Sindh,5.261127843965091,27.50244750578326,69.17658694876505,3.7877667311629963,3.8621482661041733,4487.970868399455,8.158807927579286,4357.960307678673,912.0273160281859,100.04,49.199999999999996,34.63666666666666,49.403333333333336,1,real: flood extent + rasters + NASA POWER
Tando Allahyar,2025,Sindh,0.20597940656961322,25.464212531444456,68.77609804355151,3.0164648718717912,3.1718321587472524,8222.52114374177,439.45259726044907,8423.823887918878,295.0440368433879,256.06,93.0,31.55333333333333,65.02,0,real: flood extent + rasters + NASA POWER
Tando Muhammad Khan,2025,Sindh,4.622146660743602,25.000046394866228,68.50123189201342,3.648887193705829,3.6977205246571723,8250.090623414488,194.79197543215258,11688.099855115443,190.0509168280465,259.77,93.3,31.12,67.10000000000001,1,real: flood extent + rasters + NASA POWER
Tharparkar,2025,Sindh,0.649646551519886,24.77984324516659,70.17701799074051,1.5404163902657049,2.004149743858593,14693.381207770331,2540.8466834955652,10360.447399629951,253.44131823587557,232.22,101.39999999999999,31.11,65.20666666666666,0,real: flood extent + rasters + NASA POWER
Thatta,2025,Sindh,5.84363357191769,24.73115462241266,67.7634463177139,3.417753296021201,3.444193744222182,8270.294792373868,1983.0229193114114,12026.498255845017,3419.6885016227197,297.08,134.54,29.456666666666667,75.33666666666666,1,real: flood extent + rasters + NASA POWER
Umer Kot,2025,Sindh,0.02538568240026878,25.382859397044335,69.77820790187879,2.546995927803588,2.819303187090382,10621.244969248071,904.7006575713918,8420.485324381767,346.7220606610851,186.18,78.3,31.820000000000004,61.673333333333325,0,real: flood extent + rasters + NASA POWER
West Karachi,2025,Sindh,0.0,24.998308382659086,67.01144574147219,2.969260394682113,3.214203626392248,9827.995778965693,2296.230745767412,10329.116987352303,730.2774359527367,312.30999999999995,160.57999999999998,28.73,79.27333333333333,0,real: flood extent + rasters + NASA POWER
